movie,date,email,gender,ip_address
The Punisher,2017-07-17T21:39:24Z,njerdan0@nature.com,Female,67.201.226.8
We Were Here,2017-04-13T06:43:12Z,kproudlove1@fc2.com,Female,184.102.118.95
Birdman of Alcatraz,2017-07-28T22:28:15Z,jipplett2@sciencedaily.com,Female,170.20.72.97
We Were Here,2017-05-27T23:03:07Z,jfawlks3@t.co,Female,184.54.173.74
Samurai Vendetta,2016-11-08T04:18:42Z,gmeers4@livejournal.com,Female,56.193.93.108
Saving Silverman (Evil Woman),2016-11-17T19:18:33Z,drehn5@wufoo.com,Male,227.68.78.113
Mona Lisa Smile,2017-08-29T23:38:15Z,ncarbert6@dropbox.com,Female,29.156.10.64
Saving Silverman (Evil Woman),2016-11-08T17:38:12Z,veyree7@istockphoto.com,Male,56.76.73.176
Blind Alley,2017-07-20T23:21:47Z,mcardenoso8@bandcamp.com,Male,138.104.120.0
Blind Alley,2017-05-20T09:38:20Z,hlaville9@rambler.ru,Female,0.101.141.136
Birdman of Alcatraz,2017-01-06T20:12:02Z,dreicherza@mail.ru,Female,82.173.47.95
Cass Timberlane,2017-07-14T07:34:59Z,mfawthropb@hp.com,Male,217.207.2.96
Fahrenheit 451,2016-10-19T18:04:54Z,cofinanc@wsj.com,Male,22.212.26.82
The Punisher,2017-01-20T03:23:53Z,mklemenzd@cdc.gov,Female,6.115.116.59
Samurai Vendetta,2017-08-25T00:14:07Z,hceeleye@statcounter.com,Male,118.201.208.96
Mark of the Vampire,2017-07-17T04:23:29Z,mleathartf@wufoo.com,Female,13.4.157.180
Mona Lisa Smile,2016-10-10T08:52:02Z,bblackmuirg@oracle.com,Male,56.179.105.95
Samurai Vendetta,2016-10-05T06:17:18Z,fballchinh@google.fr,Male,243.23.84.20
Mona Lisa Smile,2016-12-22T18:33:06Z,lwhatmoughi@techcrunch.com,Male,82.223.92.171
Birdman of Alcatraz,2017-03-25T21:20:50Z,ijoslingj@marriott.com,Male,46.145.237.187
Break Up,2016-10-17T06:38:32Z,mhatchellk@webmd.com,Male,155.167.123.33
Back to the Garden: Flower Power Comes Full Circle,2016-12-07T08:59:39Z,gmaccostyel@yahoo.co.jp,Male,194.173.86.156
Blind Alley,2017-06-08T18:07:51Z,mhaddenm@phoca.cz,Male,102.252.68.174
Remember the Daze (The Beautiful Ordinary),2017-06-09T11:28:28Z,gpargentn@google.com.hk,Male,121.49.214.164
Break Up,2016-10-18T22:29:53Z,bhandyo@go.com,Female,98.206.114.185
Fahrenheit 451,2017-04-28T06:38:33Z,bthewlessp@w3.org,Male,254.110.64.13
Remember the Daze (The Beautiful Ordinary),2017-07-04T12:43:20Z,thoonahanq@loc.gov,Female,20.69.4.152
Mona Lisa Smile,2016-10-23T02:39:28Z,kwoodisonr@wikia.com,Female,36.135.49.109
Kolka Cool,2017-02-04T12:15:26Z,ecradys@friendfeed.com,Male,116.28.102.2
Break Up,2017-06-12T09:15:33Z,lmorcombt@xinhuanet.com,Female,6.136.224.240
Pirates of the Caribbean: On Stranger Tides,2016-11-14T05:21:39Z,spindellu@lulu.com,Male,24.125.211.80
Drive Hard,2017-03-23T06:19:22Z,thaffnerv@creativecommons.org,Male,227.78.105.2
Mark of the Vampire,2017-09-17T22:05:04Z,mgaviniw@de.vu,Female,136.13.146.181
Kiss the Bride,2017-04-26T14:04:46Z,ngantzmanx@examiner.com,Female,164.216.215.117
Kolka Cool,2017-02-03T07:34:13Z,obrenty@globo.com,Female,34.223.230.84
Blind Alley,2017-01-04T11:21:33Z,lpilsburyz@myspace.com,Male,236.175.86.183
Special Delivery,2017-01-18T05:47:25Z,chuttley10@toplist.cz,Female,39.140.82.151
The Van,2017-01-22T13:16:51Z,tseckington11@bigcartel.com,Male,163.91.217.146
Special Delivery,2017-09-10T01:46:31Z,achallener12@trellian.com,Male,195.10.199.216
Saving Silverman (Evil Woman),2016-11-24T03:53:28Z,lbailey13@github.com,Female,127.92.122.186
Remember the Daze (The Beautiful Ordinary),2017-02-07T05:15:03Z,eseston14@patch.com,Male,15.102.208.202
The Punisher,2016-12-28T09:29:45Z,odruce15@soup.io,Male,163.243.129.24
Back to the Garden: Flower Power Comes Full Circle,2017-08-13T21:34:19Z,dblencoe16@weebly.com,Female,130.219.50.98
Mona Lisa Smile,2017-06-20T06:16:52Z,lpashley17@feedburner.com,Female,68.14.249.241
Devil's Nightmare: (Plus longue nuit du diable),2017-04-24T06:32:01Z,hkerry18@blogspot.com,Female,223.240.105.212
Samurai Vendetta,2017-07-05T16:49:58Z,pfarragher19@umich.edu,Female,131.198.253.98
Samurai Vendetta,2017-08-30T09:27:25Z,rbalharry1a@weibo.com,Male,83.179.211.137
Kolka Cool,2017-04-06T23:58:12Z,cgreenalf1b@princeton.edu,Male,247.118.207.236
Vieraalla maalla,2016-11-13T16:49:45Z,itillot1c@archive.org,Male,137.217.38.31
The Punisher,2017-03-22T23:26:39Z,kcostellow1d@intel.com,Male,10.239.37.7
Devil's Nightmare: (Plus longue nuit du diable),2017-05-02T14:23:35Z,ncovet1e@accuweather.com,Male,77.236.239.75
Mortal Instruments: The City of Bones ,2016-09-13T02:25:50Z,aleare1f@prweb.com,Female,239.37.237.14
Drive Hard,2016-11-25T14:08:20Z,nshalders1g@eventbrite.com,Male,203.94.84.246
Cass Timberlane,2017-05-27T00:54:22Z,apykerman1h@intel.com,Female,199.156.175.112
Remember the Daze (The Beautiful Ordinary),2017-02-10T13:49:01Z,dendrizzi1i@mlb.com,Male,10.33.12.201
Remember the Daze (The Beautiful Ordinary),2016-12-03T16:29:43Z,asallenger1j@ft.com,Male,198.196.179.86
We Were Here,2016-11-28T02:50:04Z,djuris1k@yahoo.com,Male,211.104.251.147
We Were Here,2017-01-01T12:48:20Z,msimonutti1l@nhs.uk,Female,201.84.94.75
Devil's Nightmare: (Plus longue nuit du diable),2016-12-08T14:32:59Z,esatterly1m@engadget.com,Female,33.29.25.94
Blind Alley,2016-10-05T14:49:39Z,lhowardgater1n@youtu.be,Female,225.31.81.111
Remember the Daze (The Beautiful Ordinary),2017-04-08T19:37:01Z,vkiltie1o@cnbc.com,Female,53.182.222.67
Fahrenheit 451,2017-01-02T16:05:51Z,cmervyn1p@guardian.co.uk,Male,133.174.160.136
Vieraalla maalla,2017-09-07T05:55:46Z,pchicchelli1q@oracle.com,Male,0.98.87.138
Mona Lisa Smile,2017-05-08T23:36:26Z,kinde1r@nasa.gov,Female,10.15.240.236
Saving Silverman (Evil Woman),2017-01-25T02:13:48Z,gklosa1s@devhub.com,Female,133.7.119.59
Devil's Nightmare: (Plus longue nuit du diable),2016-11-04T22:47:11Z,tswalteridge1t@fema.gov,Female,230.238.178.60
Unbreakable,2016-09-18T22:52:08Z,lromei1u@cisco.com,Male,217.4.111.136
Kolka Cool,2017-02-01T13:11:03Z,prosenqvist1v@mozilla.org,Female,82.140.150.123
Kolka Cool,2017-04-19T15:39:20Z,colver1w@cnbc.com,Male,166.143.134.149
The Punisher,2017-02-07T00:08:45Z,jshepard1x@amazonaws.com,Female,103.239.106.246
Kiss the Bride,2017-03-31T08:56:51Z,myeardsley1y@friendfeed.com,Male,145.128.185.154
The Van,2016-09-06T07:39:26Z,ckettleson1z@zdnet.com,Male,42.13.140.103
Fahrenheit 451,2016-10-14T08:40:24Z,dcatherall20@uol.com.br,Female,2.37.87.207
Mortal Instruments: The City of Bones ,2017-04-03T09:27:47Z,yjerosch21@ihg.com,Male,188.36.167.66
Mortal Instruments: The City of Bones ,2017-02-01T20:18:56Z,gyggo22@histats.com,Female,70.2.196.91
Saving Silverman (Evil Woman),2016-11-04T00:56:49Z,ecranch23@altervista.org,Male,244.188.142.129
Back to the Garden: Flower Power Comes Full Circle,2017-07-12T03:26:50Z,ffitkin24@wp.com,Female,253.199.110.109
Unbreakable,2017-02-10T01:45:41Z,vdownse25@theglobeandmail.com,Female,7.106.81.220
Samurai Vendetta,2017-04-13T17:24:34Z,jpechacek26@google.pl,Female,166.74.92.231
Kolka Cool,2017-04-13T10:01:56Z,cferronet27@springer.com,Female,148.239.44.71
Vieraalla maalla,2017-07-16T20:58:42Z,svasyutin28@cpanel.net,Male,246.252.102.230
Saving Silverman (Evil Woman),2017-01-21T23:12:05Z,gquincey29@google.pl,Male,204.53.86.244
Mona Lisa Smile,2017-06-03T14:48:55Z,tdunguy2a@nymag.com,Male,244.176.190.208
Mona Lisa Smile,2017-03-18T12:05:30Z,losullivan2b@state.gov,Female,194.198.77.216
Mark of the Vampire,2017-01-07T01:22:36Z,zdominka2c@berkeley.edu,Male,96.128.145.29
Remember the Daze (The Beautiful Ordinary),2017-01-27T00:50:51Z,rfoxwell2d@yolasite.com,Female,236.146.159.226
The Punisher,2017-09-07T06:36:25Z,vphillpot2e@cisco.com,Male,205.128.52.44
Samurai Vendetta,2016-09-21T13:45:55Z,dmatantsev2f@i2i.jp,Female,81.112.99.98
Mortal Instruments: The City of Bones ,2016-09-02T15:03:47Z,cbeller2g@over-blog.com,Male,7.45.23.46
Break Up,2016-09-26T15:47:03Z,aworms2h@businessweek.com,Male,64.123.128.245
Mona Lisa Smile,2016-11-26T10:26:20Z,mbouskill2i@ucla.edu,Male,251.88.41.137
Kiss the Bride,2017-01-23T17:29:21Z,erushmer2j@g.co,Female,136.248.177.93
Break Up,2017-04-17T18:46:45Z,ahowle2k@ftc.gov,Female,198.11.149.135
Unbreakable,2017-05-02T18:10:06Z,amarti2l@ftc.gov,Male,124.0.186.128
Kolka Cool,2016-10-30T06:36:35Z,hshore2m@networkadvertising.org,Male,6.12.118.152
Pirates of the Caribbean: On Stranger Tides,2016-11-08T20:51:52Z,amacon2n@sourceforge.net,Female,146.23.33.64
Mortal Instruments: The City of Bones ,2017-03-29T19:01:44Z,bsphinxe2o@theguardian.com,Male,195.250.162.29
Remember the Daze (The Beautiful Ordinary),2017-05-01T01:17:04Z,lmaleham2p@wordpress.com,Female,1.44.81.191
We Were Here,2016-12-16T02:18:37Z,gcloonan2q@nyu.edu,Male,47.159.240.128
Devil's Nightmare: (Plus longue nuit du diable),2017-05-06T08:50:59Z,jtokley2r@dyndns.org,Female,184.144.119.248
The Punisher,2016-10-01T01:29:56Z,tdaykin2s@ustream.tv,Male,170.185.148.42
Saving Silverman (Evil Woman),2017-05-11T20:58:00Z,amalster2t@jimdo.com,Male,76.207.89.190
Mark of the Vampire,2017-01-18T09:25:56Z,rocarmody2u@friendfeed.com,Female,196.142.200.112
Birdman of Alcatraz,2017-03-11T14:10:39Z,ifarebrother2v@economist.com,Female,239.81.134.63
Special Delivery,2017-05-09T21:23:06Z,eharwick2w@livejournal.com,Female,192.171.28.27
Break Up,2017-01-28T20:06:51Z,pwinter2x@mlb.com,Male,120.109.121.46
Birdman of Alcatraz,2016-10-22T12:49:20Z,cpettecrew2y@msn.com,Male,231.38.141.216
The Van,2016-11-26T13:24:22Z,dpittman2z@usda.gov,Male,0.107.42.173
Devil's Nightmare: (Plus longue nuit du diable),2017-01-09T07:02:31Z,rmariaud30@youtu.be,Male,47.91.225.25
Fahrenheit 451,2017-08-02T02:51:55Z,bwaryk31@nymag.com,Male,90.76.139.220
O Brother: Where Art Thou?,2017-01-15T07:26:43Z,hstaddom32@hatena.ne.jp,Female,2.153.4.88
Birdman of Alcatraz,2017-05-24T15:15:35Z,acurgenuer33@1688.com,Male,131.223.237.30
O Brother: Where Art Thou?,2017-01-11T22:57:00Z,dkike34@indiatimes.com,Female,71.179.53.14
We Were Here,2017-02-13T23:27:15Z,gludovici35@discuz.net,Male,198.173.164.23
Cass Timberlane,2017-08-05T23:30:04Z,hcanti36@usa.gov,Female,149.95.97.203
Blind Alley,2017-06-20T23:08:01Z,kalekseicik37@cocolog-nifty.com,Male,253.188.168.65
Fahrenheit 451,2016-11-21T11:38:30Z,pedelmann38@stanford.edu,Female,153.58.134.52
Samurai Vendetta,2017-09-09T15:08:05Z,kandrelli39@wix.com,Female,227.18.140.179
The Van,2017-08-12T21:48:31Z,kbecken3a@cocolog-nifty.com,Male,35.138.149.196
O Brother: Where Art Thou?,2017-02-03T17:55:02Z,edumbarton3b@google.co.jp,Female,242.9.196.178
Blind Alley,2017-02-07T21:32:53Z,cbarrabeale3c@artisteer.com,Male,7.18.207.216
The Van,2016-09-02T22:40:50Z,mraiston3d@deviantart.com,Female,235.174.61.187
Birdman of Alcatraz,2016-09-06T15:35:15Z,wgoman3e@homestead.com,Male,231.69.234.212
Cass Timberlane,2017-01-16T06:40:57Z,ddorgon3f@webeden.co.uk,Female,13.72.21.231
Blind Alley,2017-09-09T02:29:29Z,tblaes3g@acquirethisname.com,Male,2.139.15.240
The Van,2016-09-02T20:39:21Z,pfarlow3h@alibaba.com,Female,109.189.16.222
Hellgate,2016-10-25T02:04:09Z,cderx3i@cisco.com,Male,15.109.41.197
Remember the Daze (The Beautiful Ordinary),2017-03-15T07:11:39Z,bvicary3j@ovh.net,Female,57.167.99.155
Remember the Daze (The Beautiful Ordinary),2016-11-11T05:35:19Z,dfinch3k@msn.com,Female,119.45.31.234
Break Up,2016-12-05T16:33:42Z,jmagnar3l@yahoo.com,Male,11.33.13.227
Vieraalla maalla,2017-09-04T04:54:52Z,hcristoforetti3m@deviantart.com,Male,251.103.56.255
Special Delivery,2017-06-22T11:41:26Z,jluttger3n@unc.edu,Female,197.213.69.126
We Were Here,2016-12-01T08:12:23Z,csketh3o@ifeng.com,Male,171.46.3.208
Kiss the Bride,2017-08-14T13:43:53Z,jaugustine3p@narod.ru,Male,9.152.129.252
Blind Alley,2017-04-29T06:04:24Z,mdoram3q@e-recht24.de,Female,179.199.1.66
Saving Silverman (Evil Woman),2016-11-30T15:13:34Z,mcramond3r@shareasale.com,Male,94.233.216.206
The Punisher,2017-01-13T15:36:36Z,egregoratti3s@dropbox.com,Male,80.51.168.129
The Punisher,2016-12-16T22:12:32Z,bishchenko3t@gravatar.com,Female,17.175.50.96
Special Delivery,2017-08-22T05:09:00Z,ltodman3u@seesaa.net,Male,219.90.90.128
Back to the Garden: Flower Power Comes Full Circle,2017-04-01T23:37:49Z,wwalklot3v@newsvine.com,Male,89.74.148.91
O Brother: Where Art Thou?,2017-08-16T15:50:58Z,rjacqueme3w@senate.gov,Female,3.140.176.83
We Were Here,2017-01-13T18:52:22Z,mstinton3x@merriam-webster.com,Female,8.251.191.96
Mona Lisa Smile,2017-07-29T02:08:17Z,mderisly3y@theguardian.com,Female,197.157.150.113
Hellgate,2017-06-25T10:35:43Z,mizakof3z@hud.gov,Male,148.229.180.212
Mona Lisa Smile,2017-03-12T17:43:13Z,eshapter40@chicagotribune.com,Male,162.240.30.171
The Van,2016-09-14T16:34:32Z,cedkins41@hud.gov,Female,216.75.68.251
Hellgate,2017-08-11T04:11:02Z,abrick42@symantec.com,Male,207.254.137.151
Mona Lisa Smile,2017-05-12T04:13:50Z,cmccard43@exblog.jp,Male,217.58.97.231
Back to the Garden: Flower Power Comes Full Circle,2017-05-27T16:19:11Z,ganthoney44@parallels.com,Female,203.219.183.248
Blind Alley,2016-11-24T16:53:11Z,cudden45@is.gd,Male,114.254.217.4
Samurai Vendetta,2017-01-13T16:04:19Z,lrighy46@abc.net.au,Female,199.9.139.208
Pirates of the Caribbean: On Stranger Tides,2017-06-16T15:28:13Z,bmcdaid47@vimeo.com,Male,30.14.175.71
The Punisher,2017-06-08T09:48:42Z,redinboro48@nps.gov,Female,56.242.66.246
Break Up,2016-11-09T03:06:20Z,pfurminger49@imdb.com,Male,233.110.40.232
Hellgate,2017-07-16T03:00:39Z,jduffrie4a@wp.com,Female,238.79.164.92
Cass Timberlane,2016-11-20T11:38:50Z,gjose4b@huffingtonpost.com,Female,202.225.136.206
Birdman of Alcatraz,2017-05-23T14:38:15Z,twheelwright4c@europa.eu,Male,9.138.109.229
Remember the Daze (The Beautiful Ordinary),2017-01-23T14:25:26Z,rdoddrell4d@scribd.com,Female,125.73.206.157
We Were Here,2016-11-20T18:23:21Z,lbleasdale4e@about.com,Male,51.110.39.215
Samurai Vendetta,2017-04-18T10:50:32Z,ebrisker4f@scientificamerican.com,Male,62.58.131.119
Kiss the Bride,2016-09-29T16:14:19Z,chounsome4g@tamu.edu,Female,203.20.90.143
Back to the Garden: Flower Power Comes Full Circle,2017-04-12T20:48:02Z,kkittiman4h@businessweek.com,Male,8.187.118.93
Unbreakable,2017-07-12T21:56:12Z,mespinal4i@about.me,Male,125.153.2.8
Samurai Vendetta,2017-03-11T21:39:17Z,wwimbridge4j@fc2.com,Female,17.123.127.104
Mark of the Vampire,2016-11-23T16:04:59Z,agodart4k@geocities.com,Female,57.195.239.219
Kiss the Bride,2017-09-13T18:01:59Z,swearne4l@canalblog.com,Female,134.56.190.222
The Punisher,2017-06-19T07:19:04Z,sbrandsma4m@123-reg.co.uk,Female,250.67.63.140
Blind Alley,2016-12-05T03:58:52Z,brives4n@earthlink.net,Female,217.211.77.36
Unbreakable,2017-06-14T05:02:41Z,lwestern4o@irs.gov,Male,3.230.206.127
Pirates of the Caribbean: On Stranger Tides,2017-05-13T12:29:45Z,omasic4p@sphinn.com,Female,118.189.194.246
Remember the Daze (The Beautiful Ordinary),2017-01-24T16:03:57Z,xdix4q@ibm.com,Male,34.19.51.50
Mona Lisa Smile,2016-09-27T10:37:28Z,geveritt4r@princeton.edu,Female,216.100.206.148
Vieraalla maalla,2017-02-07T02:30:14Z,clehrer4s@cyberchimps.com,Male,172.81.14.95
Cass Timberlane,2017-08-20T00:11:43Z,kmitro4t@sphinn.com,Male,78.237.141.74
Unbreakable,2017-02-06T13:44:42Z,dbonallick4u@msn.com,Male,57.46.246.101
O Brother: Where Art Thou?,2017-04-10T23:39:25Z,csaggs4v@feedburner.com,Male,77.233.190.94
Mark of the Vampire,2016-11-06T17:31:57Z,prays4w@gravatar.com,Male,142.14.1.240
The Punisher,2017-09-17T23:54:11Z,pelphinston4x@ycombinator.com,Male,14.159.126.59
Kolka Cool,2017-05-04T15:17:09Z,jsarfass4y@lycos.com,Female,106.206.38.97
Hellgate,2017-07-25T05:55:59Z,ltowsey4z@indiatimes.com,Female,115.60.51.23
Remember the Daze (The Beautiful Ordinary),2016-09-01T05:06:31Z,ppotapczuk50@typepad.com,Male,16.15.243.222
Drive Hard,2017-03-07T08:19:55Z,kilchenko51@sciencedaily.com,Female,14.80.53.148
Unbreakable,2016-11-29T20:07:15Z,scharle52@shop-pro.jp,Male,157.221.80.178
Special Delivery,2017-03-01T05:52:40Z,edurek53@kickstarter.com,Female,145.72.159.84
Birdman of Alcatraz,2016-11-08T15:36:47Z,dlomasna54@netscape.com,Male,220.68.207.15
Devil's Nightmare: (Plus longue nuit du diable),2016-11-12T18:16:52Z,tmewes55@cam.ac.uk,Female,201.120.149.133
Samurai Vendetta,2016-10-22T10:00:06Z,fjiru56@yandex.ru,Male,87.148.127.129
Mona Lisa Smile,2017-08-22T00:21:36Z,smewton57@nba.com,Male,38.148.32.78
Back to the Garden: Flower Power Comes Full Circle,2017-01-18T06:50:27Z,blomas58@hp.com,Female,14.236.29.181
Break Up,2017-07-31T10:33:45Z,dland59@shutterfly.com,Male,188.22.226.249
The Punisher,2016-11-22T13:43:33Z,nmaccome5a@about.com,Female,167.196.184.150
We Were Here,2017-06-01T01:35:28Z,eramsted5b@ucoz.ru,Female,46.132.59.202
Kolka Cool,2017-02-24T20:00:11Z,rpeare5c@cbslocal.com,Male,208.251.127.245
Mona Lisa Smile,2016-09-02T12:44:56Z,cbariball5d@reference.com,Female,178.233.26.172
Mark of the Vampire,2016-10-13T00:00:12Z,ainnis5e@digg.com,Male,9.243.12.139
Mona Lisa Smile,2017-06-09T01:21:32Z,chawsby5f@hc360.com,Male,93.51.135.18
The Van,2016-12-11T21:07:07Z,fclaxton5g@engadget.com,Female,82.203.56.64
Kolka Cool,2017-01-04T19:05:52Z,rkhalid5h@sakura.ne.jp,Female,67.184.239.30
Back to the Garden: Flower Power Comes Full Circle,2017-08-18T14:23:44Z,bganforthe5i@1688.com,Female,38.214.145.184
Blind Alley,2017-07-12T08:12:30Z,odurtnell5j@abc.net.au,Male,222.50.91.91
Back to the Garden: Flower Power Comes Full Circle,2017-06-25T07:24:58Z,bdranfield5k@woothemes.com,Female,176.36.106.252
Fahrenheit 451,2016-11-18T08:14:21Z,rmcelvine5l@artisteer.com,Male,21.217.80.86
Hellgate,2016-09-24T15:59:20Z,snarracott5m@cnet.com,Male,162.20.148.120
Kolka Cool,2016-11-05T21:46:32Z,araddenbury5n@mozilla.com,Male,117.3.142.44
Drive Hard,2016-11-25T20:20:23Z,mcrutchley5o@shinystat.com,Female,103.37.108.175
Mortal Instruments: The City of Bones ,2016-12-05T06:39:24Z,lchristal5p@edublogs.org,Male,12.30.229.164
O Brother: Where Art Thou?,2017-04-17T19:16:43Z,pfilipychev5q@bloglines.com,Male,70.211.78.135
Blind Alley,2017-06-23T08:53:23Z,npreon5r@springer.com,Male,96.215.67.231
Samurai Vendetta,2017-06-17T08:02:47Z,gshalloo5s@miitbeian.gov.cn,Male,196.143.101.219
Samurai Vendetta,2017-01-27T00:57:28Z,gclitsome5t@printfriendly.com,Female,225.54.234.71
Fahrenheit 451,2017-05-30T00:17:35Z,gmessiter5u@earthlink.net,Male,99.7.22.242
Mortal Instruments: The City of Bones ,2017-03-03T10:08:42Z,dhankin5v@bloglovin.com,Male,55.160.93.7
Remember the Daze (The Beautiful Ordinary),2017-01-17T21:53:32Z,lrawnsley5w@printfriendly.com,Male,47.26.160.98
Special Delivery,2017-02-26T11:47:57Z,wmacparlan5x@wufoo.com,Female,246.99.232.207
Remember the Daze (The Beautiful Ordinary),2017-03-20T02:42:54Z,kroll5y@unicef.org,Male,222.185.171.91
Mona Lisa Smile,2016-12-25T19:33:05Z,sadolfsen5z@sogou.com,Female,43.89.139.153
Break Up,2017-08-16T00:14:49Z,obradberry60@squarespace.com,Male,90.208.250.237
Special Delivery,2017-04-28T18:58:40Z,rarrault61@whitehouse.gov,Female,143.26.80.149
O Brother: Where Art Thou?,2017-02-19T18:29:12Z,hgilpin62@fastcompany.com,Male,3.98.79.134
Kiss the Bride,2017-06-14T14:23:27Z,dharradine63@wordpress.com,Female,61.147.229.133
Cass Timberlane,2017-04-25T07:41:39Z,fpigeram64@microsoft.com,Female,83.112.139.95
Fahrenheit 451,2017-07-21T08:57:24Z,fgomery65@nymag.com,Female,176.63.150.23
Fahrenheit 451,2017-07-01T07:59:41Z,mtuplin66@twitpic.com,Female,194.68.96.207
Mortal Instruments: The City of Bones ,2017-08-02T18:28:37Z,awhilder67@google.ca,Male,81.112.103.128
Pirates of the Caribbean: On Stranger Tides,2017-05-02T12:38:54Z,cruslen68@sphinn.com,Female,219.161.151.97
Drive Hard,2017-07-02T05:39:07Z,hconner69@epa.gov,Male,208.48.226.218
Saving Silverman (Evil Woman),2016-12-02T07:10:13Z,ejoerning6a@elpais.com,Female,49.83.95.202
Birdman of Alcatraz,2017-03-27T22:27:24Z,shallatt6b@1688.com,Male,113.157.234.136
Back to the Garden: Flower Power Comes Full Circle,2017-03-12T06:05:46Z,cdubery6c@amazon.co.uk,Male,108.2.117.157
Break Up,2017-06-16T14:11:08Z,grudloff6d@pagesperso-orange.fr,Male,215.22.139.45
Break Up,2017-09-17T06:04:00Z,lmalins6e@ihg.com,Female,55.208.0.206
O Brother: Where Art Thou?,2016-09-09T22:36:00Z,oduffus6f@examiner.com,Male,89.140.40.163
Saving Silverman (Evil Woman),2017-05-17T06:40:51Z,ekedslie6g@wp.com,Male,51.132.172.168
The Punisher,2017-08-02T10:40:00Z,gmcleod6h@desdev.cn,Female,110.149.18.56
Back to the Garden: Flower Power Comes Full Circle,2017-05-06T13:43:24Z,rlewsam6i@bloomberg.com,Female,143.21.217.10
Samurai Vendetta,2017-05-22T00:50:36Z,mmoryson6j@tiny.cc,Male,166.150.71.176
Pirates of the Caribbean: On Stranger Tides,2017-04-07T05:15:28Z,kbernardotti6k@nationalgeographic.com,Female,236.71.69.182
Kolka Cool,2017-03-31T06:00:04Z,chousen6l@nba.com,Female,39.242.12.35
O Brother: Where Art Thou?,2016-12-26T12:26:46Z,mpasfield6m@mapy.cz,Male,96.180.151.108
Back to the Garden: Flower Power Comes Full Circle,2017-07-01T14:47:14Z,ecymper6n@umich.edu,Female,48.154.192.212
Mark of the Vampire,2017-07-19T00:59:58Z,aroblett6o@theatlantic.com,Female,132.133.59.168
Break Up,2016-12-07T04:50:53Z,smclafferty6p@addthis.com,Female,66.250.86.78
Back to the Garden: Flower Power Comes Full Circle,2017-09-06T02:33:24Z,sdrawmer6q@disqus.com,Male,234.191.147.237
Break Up,2016-11-28T02:17:41Z,ekeohane6r@businessinsider.com,Female,233.198.142.98
Unbreakable,2017-04-08T08:16:34Z,mhebbs6s@slideshare.net,Male,160.51.115.187
Pirates of the Caribbean: On Stranger Tides,2017-06-02T01:44:51Z,nkalinsky6t@google.co.uk,Female,240.67.14.72
Blind Alley,2017-02-27T01:25:24Z,pthreadgall6u@mysql.com,Female,55.69.75.176
Kiss the Bride,2017-04-27T21:34:21Z,bfakes6v@amazonaws.com,Female,88.193.206.145
Special Delivery,2016-10-10T19:36:38Z,rbauser6w@nature.com,Female,139.78.43.145
The Van,2017-05-06T06:07:08Z,tfalcus6x@shutterfly.com,Female,89.196.14.155
The Punisher,2017-05-14T18:47:33Z,tkenton6y@mac.com,Female,146.28.121.26
Birdman of Alcatraz,2017-03-30T00:35:26Z,dhynde6z@tiny.cc,Female,221.235.155.132
The Van,2017-05-03T02:54:08Z,bhaucke70@about.com,Female,146.147.150.222
Pirates of the Caribbean: On Stranger Tides,2017-02-22T12:06:42Z,jcudworth71@exblog.jp,Male,100.236.157.136
Mona Lisa Smile,2017-06-15T01:54:30Z,mtrawin72@ifeng.com,Male,242.124.207.116
Kiss the Bride,2017-01-20T16:46:12Z,eeggar73@jugem.jp,Female,169.91.158.14
Blind Alley,2017-06-24T14:10:09Z,dprothero74@shop-pro.jp,Female,99.62.22.69
Kiss the Bride,2016-12-27T11:52:38Z,ecropton75@e-recht24.de,Male,158.129.133.1
Saving Silverman (Evil Woman),2016-09-16T23:58:21Z,cpassy76@ted.com,Female,54.81.90.115
Cass Timberlane,2017-06-10T07:39:39Z,syanshinov77@altervista.org,Female,193.123.209.87
Break Up,2016-12-21T18:22:32Z,apitkethly78@sciencedirect.com,Male,96.186.80.45
Mona Lisa Smile,2016-12-30T05:07:51Z,lsavary79@google.de,Male,100.251.178.54
Samurai Vendetta,2017-08-16T04:19:00Z,bstinton7a@narod.ru,Female,41.58.112.247
Drive Hard,2017-06-18T23:07:35Z,cmales7b@themeforest.net,Female,13.139.254.70
Unbreakable,2017-04-30T12:55:42Z,isazio7c@photobucket.com,Male,196.19.133.241
Fahrenheit 451,2017-01-23T17:09:50Z,hvasin7d@psu.edu,Female,97.216.139.135
Saving Silverman (Evil Woman),2017-03-19T18:02:33Z,chadfield7e@drupal.org,Male,217.76.90.9
Mona Lisa Smile,2017-03-07T03:16:34Z,vwrates7f@multiply.com,Male,95.245.168.31
Back to the Garden: Flower Power Comes Full Circle,2017-01-08T18:49:56Z,pguinan7g@virginia.edu,Male,61.78.65.125
Remember the Daze (The Beautiful Ordinary),2017-09-16T18:47:50Z,fcanland7h@themeforest.net,Female,251.130.114.101
Special Delivery,2016-10-01T13:25:37Z,pmccague7i@noaa.gov,Female,149.88.126.243
The Punisher,2017-02-24T22:25:55Z,epelcheur7j@angelfire.com,Female,173.110.249.83
Kiss the Bride,2016-09-11T05:51:17Z,cbruneau7k@cbslocal.com,Female,74.126.197.100
Pirates of the Caribbean: On Stranger Tides,2017-05-25T05:47:26Z,mbergin7l@stumbleupon.com,Male,83.197.46.173
O Brother: Where Art Thou?,2017-05-23T22:26:59Z,shart7m@indiatimes.com,Female,246.144.220.181
Pirates of the Caribbean: On Stranger Tides,2017-06-30T21:24:03Z,eholtham7n@123-reg.co.uk,Female,149.148.24.130
Mona Lisa Smile,2016-09-14T19:34:51Z,wbothwell7o@google.com,Male,250.206.154.93
Saving Silverman (Evil Woman),2017-04-10T07:37:13Z,sedyson7p@booking.com,Male,54.100.49.84
Special Delivery,2017-08-15T08:03:28Z,kpriestman7q@imgur.com,Female,31.40.72.7
Mark of the Vampire,2016-11-01T05:56:31Z,okubiczek7r@loc.gov,Male,193.186.126.239
Fahrenheit 451,2017-08-08T10:30:46Z,abrigshaw7s@youtu.be,Male,42.98.83.148
Kiss the Bride,2016-12-05T08:32:50Z,cpavy7t@flavors.me,Male,229.209.167.159
Mark of the Vampire,2016-11-09T01:03:20Z,aburnep7u@360.cn,Male,153.166.81.41
Mortal Instruments: The City of Bones ,2017-03-15T02:03:50Z,ssinnott7v@discuz.net,Female,5.102.41.226
Drive Hard,2017-05-17T10:28:04Z,ekarleman7w@vkontakte.ru,Female,185.162.179.132
Kiss the Bride,2016-09-25T18:39:17Z,vbolzmann7x@google.de,Female,80.132.144.110
We Were Here,2017-01-01T10:05:03Z,ccaughte7y@bloomberg.com,Male,130.169.72.7
Special Delivery,2017-03-04T16:19:03Z,ebogeys7z@networkadvertising.org,Female,185.203.14.118
Mark of the Vampire,2017-05-17T13:33:43Z,fjeskins80@privacy.gov.au,Female,93.223.206.43
Saving Silverman (Evil Woman),2017-08-10T01:13:15Z,hfolke81@yahoo.co.jp,Female,90.158.86.175
Unbreakable,2017-02-09T20:58:50Z,wsitford82@unblog.fr,Female,116.231.122.37
The Punisher,2016-10-17T01:06:52Z,gtrenam83@abc.net.au,Male,173.84.204.222
Drive Hard,2016-11-12T11:24:52Z,rlysons84@ca.gov,Female,215.61.48.129
Drive Hard,2017-03-20T04:14:01Z,feles85@unc.edu,Female,16.98.237.62
Break Up,2017-07-21T06:06:37Z,jgreathead86@cam.ac.uk,Male,136.83.70.236
Unbreakable,2016-12-06T13:08:52Z,chandlin87@webeden.co.uk,Male,213.177.31.22
Kiss the Bride,2017-05-24T00:21:54Z,rbeagrie88@disqus.com,Female,162.225.47.84
Samurai Vendetta,2016-09-08T10:47:09Z,olyall89@nymag.com,Male,185.134.100.13
Devil's Nightmare: (Plus longue nuit du diable),2016-11-25T00:20:13Z,ggalier8a@nhs.uk,Female,95.2.109.142
Mortal Instruments: The City of Bones ,2017-07-04T18:46:45Z,fmacnockater8b@naver.com,Male,247.120.63.185
Break Up,2016-10-29T07:50:21Z,mgoulborne8c@friendfeed.com,Male,104.49.127.177
The Punisher,2017-04-11T04:38:53Z,jgashion8d@newsvine.com,Male,195.1.66.116
Pirates of the Caribbean: On Stranger Tides,2017-07-26T01:43:26Z,lbuxcey8e@cdc.gov,Female,55.13.86.105
Pirates of the Caribbean: On Stranger Tides,2016-10-16T01:31:07Z,nbrosnan8f@rakuten.co.jp,Male,80.104.49.33
The Punisher,2017-04-23T08:52:16Z,swoollett8g@studiopress.com,Male,202.22.239.18
Kolka Cool,2017-07-12T06:04:09Z,gbarratt8h@kickstarter.com,Male,99.155.49.120
Fahrenheit 451,2017-02-04T13:52:54Z,cshippard8i@exblog.jp,Female,22.239.18.25
Drive Hard,2017-03-21T12:59:30Z,wstanwix8j@whitehouse.gov,Female,139.25.68.105
The Punisher,2017-06-16T04:21:31Z,jheaffey8k@feedburner.com,Female,0.139.255.48
The Punisher,2016-10-05T21:43:00Z,hgrgic8l@wikimedia.org,Male,225.218.50.190
Blind Alley,2016-11-23T17:57:38Z,ekennealy8m@gizmodo.com,Female,230.106.187.164
Hellgate,2016-09-16T06:24:58Z,hcutress8n@godaddy.com,Male,169.12.95.197
Mona Lisa Smile,2016-11-22T13:37:43Z,estovine8o@fastcompany.com,Female,231.173.139.110
Kiss the Bride,2016-09-06T12:37:06Z,kbrewse8p@nasa.gov,Male,67.170.174.27
Pirates of the Caribbean: On Stranger Tides,2017-07-17T09:53:00Z,eeckels8q@reuters.com,Male,53.174.46.142
The Punisher,2016-09-09T15:30:02Z,clongdon8r@vistaprint.com,Male,155.193.176.229
Back to the Garden: Flower Power Comes Full Circle,2017-01-07T23:01:09Z,kjahndel8s@usatoday.com,Male,242.232.154.217
Birdman of Alcatraz,2017-08-10T20:37:42Z,rspratt8t@ocn.ne.jp,Female,242.68.4.187
Special Delivery,2017-02-16T07:15:44Z,adevonshire8u@microsoft.com,Male,61.190.79.14
Mortal Instruments: The City of Bones ,2017-04-08T10:25:13Z,jpascho8v@admin.ch,Female,213.193.6.167
Cass Timberlane,2017-06-04T14:30:55Z,nblaxlande8w@cpanel.net,Male,114.186.25.240
The Van,2016-09-03T08:41:32Z,tgrinstead8x@nature.com,Male,127.203.105.210
Samurai Vendetta,2017-07-22T06:53:23Z,mboykett8y@whitehouse.gov,Male,12.229.189.140
We Were Here,2016-11-08T15:15:17Z,btraill8z@blogspot.com,Female,214.47.224.186
Vieraalla maalla,2017-06-14T23:18:32Z,aadey90@odnoklassniki.ru,Female,244.225.6.57
Unbreakable,2017-08-06T00:53:38Z,jallred91@cbsnews.com,Male,43.163.234.63
The Punisher,2017-08-20T19:38:24Z,chysom92@wiley.com,Male,125.63.190.53
Samurai Vendetta,2016-12-05T00:40:57Z,bbeebee93@flickr.com,Female,159.22.28.114
The Van,2017-08-28T16:17:48Z,bmacpeake94@nba.com,Female,62.91.75.29
Kiss the Bride,2017-03-22T06:00:46Z,llared95@photobucket.com,Female,249.246.41.251
Special Delivery,2017-06-09T01:33:58Z,bbulfoot96@sina.com.cn,Female,102.91.178.20
Birdman of Alcatraz,2017-02-11T23:32:21Z,cgeggus97@tumblr.com,Male,203.202.95.99
Unbreakable,2016-09-09T16:29:58Z,sspillard98@about.me,Male,119.66.52.208
Pirates of the Caribbean: On Stranger Tides,2016-09-06T20:26:55Z,nomullan99@wordpress.org,Male,65.17.37.78
Kiss the Bride,2016-10-22T00:06:44Z,mwhitney9a@paginegialle.it,Male,145.168.93.138
Mona Lisa Smile,2016-12-25T13:56:35Z,jvanderweedenburg9b@dell.com,Female,26.213.70.4
Drive Hard,2017-08-06T01:54:53Z,ebernon9c@freewebs.com,Female,208.163.227.19
Kiss the Bride,2016-09-10T03:06:15Z,rokielt9d@altervista.org,Male,210.2.67.18
Samurai Vendetta,2017-05-15T00:53:27Z,pdunsmore9e@mozilla.com,Male,135.126.191.163
Mona Lisa Smile,2017-02-06T20:03:56Z,mclaessens9f@shutterfly.com,Female,206.247.139.180
Blind Alley,2016-12-24T00:17:12Z,fbaroux9g@examiner.com,Male,45.81.59.62
Special Delivery,2017-02-23T18:18:07Z,rspawforth9h@cnet.com,Male,1.61.237.186
Back to the Garden: Flower Power Comes Full Circle,2017-08-28T05:20:32Z,adomingues9i@boston.com,Female,136.171.69.171
Birdman of Alcatraz,2017-03-30T05:37:09Z,atramel9j@nyu.edu,Male,92.37.98.98
Pirates of the Caribbean: On Stranger Tides,2016-11-12T16:33:38Z,dianniello9k@acquirethisname.com,Female,194.155.11.139
Hellgate,2017-05-02T11:51:41Z,wtroth9l@latimes.com,Male,159.21.204.91
The Punisher,2017-05-31T12:35:37Z,rrenak9m@nsw.gov.au,Female,240.138.216.7
Back to the Garden: Flower Power Comes Full Circle,2017-06-14T11:32:00Z,jpahl9n@ask.com,Female,53.112.20.199
The Van,2017-05-05T06:36:15Z,cnettle9o@irs.gov,Male,227.132.164.53
Mortal Instruments: The City of Bones ,2016-10-03T16:33:46Z,kwix9p@scribd.com,Female,129.79.247.112
Kiss the Bride,2017-08-09T03:10:07Z,mgartrell9q@microsoft.com,Male,245.41.28.232
Pirates of the Caribbean: On Stranger Tides,2016-11-14T15:53:38Z,cprator9r@cdbaby.com,Male,24.32.136.162
The Punisher,2016-11-19T05:51:59Z,mfeaks9s@engadget.com,Female,194.112.216.44
Mortal Instruments: The City of Bones ,2017-02-05T04:47:21Z,rpeer9t@ted.com,Female,69.215.67.72
Hellgate,2017-01-08T09:32:24Z,dbickerton9u@diigo.com,Male,38.135.143.173
Fahrenheit 451,2016-09-20T20:16:48Z,hstrutz9v@multiply.com,Female,188.193.33.195
Devil's Nightmare: (Plus longue nuit du diable),2017-08-19T15:47:41Z,mbickerdicke9w@bbb.org,Male,72.45.172.239
Saving Silverman (Evil Woman),2017-04-05T07:53:12Z,dvickar9x@elpais.com,Female,183.57.24.1
Vieraalla maalla,2017-05-18T13:32:39Z,tnertney9y@github.com,Male,128.94.29.139
Back to the Garden: Flower Power Comes Full Circle,2016-10-04T14:05:16Z,adarnborough9z@usgs.gov,Male,53.78.22.75
Vieraalla maalla,2017-02-10T02:38:52Z,rbrandina0@cdc.gov,Female,7.209.18.47
Devil's Nightmare: (Plus longue nuit du diable),2017-01-24T13:51:05Z,dpentonya1@cdbaby.com,Male,113.111.32.101
Drive Hard,2017-04-09T03:48:38Z,lhowforda2@usa.gov,Male,107.26.110.196
Cass Timberlane,2017-07-02T00:12:06Z,dmcsporona3@nydailynews.com,Female,241.239.70.145
Mark of the Vampire,2016-12-12T07:17:46Z,mcardalla4@soup.io,Male,122.14.232.95
Kolka Cool,2017-06-02T16:33:30Z,sgalliera5@angelfire.com,Female,6.2.211.231
Pirates of the Caribbean: On Stranger Tides,2017-04-11T11:24:58Z,htellinga6@clickbank.net,Female,31.201.211.72
Fahrenheit 451,2016-11-15T09:32:21Z,dshermana7@123-reg.co.uk,Female,20.112.231.164
The Van,2017-07-31T17:24:15Z,hprivera8@webeden.co.uk,Female,81.127.5.222
Hellgate,2017-07-03T13:51:01Z,fjovasevica9@answers.com,Female,107.21.136.47
Mona Lisa Smile,2016-10-25T13:25:43Z,bpargetteraa@ucoz.ru,Female,170.82.34.183
Cass Timberlane,2017-07-29T11:27:43Z,jlatchab@mapquest.com,Female,156.40.204.84
The Van,2017-01-01T03:19:37Z,iroswarnac@dyndns.org,Male,194.49.155.156
Samurai Vendetta,2017-06-14T04:06:52Z,abartzenad@a8.net,Female,17.84.125.230
Unbreakable,2017-06-26T16:00:16Z,anundae@is.gd,Male,103.161.82.100
Unbreakable,2017-08-03T19:49:18Z,aculveraf@dailymotion.com,Female,110.123.142.161
Mona Lisa Smile,2016-09-20T02:33:38Z,tbotcherbyag@cdc.gov,Male,163.151.141.235
We Were Here,2016-09-05T01:09:45Z,evalentinah@drupal.org,Female,75.64.137.45
Unbreakable,2016-09-11T00:50:58Z,rwarmanai@constantcontact.com,Female,102.22.180.202
Mark of the Vampire,2017-01-10T18:25:36Z,aedbrookeaj@webnode.com,Male,210.134.0.83
Mona Lisa Smile,2016-09-17T05:21:34Z,gbowcherak@jalbum.net,Male,211.96.181.206
Cass Timberlane,2017-08-26T12:50:03Z,kevesqueal@webnode.com,Male,86.233.96.28
Fahrenheit 451,2017-03-14T18:56:51Z,oosbournam@ucoz.com,Male,118.34.17.192
Saving Silverman (Evil Woman),2017-02-19T23:04:23Z,ethickinsan@epa.gov,Male,200.109.122.1
Blind Alley,2016-12-20T15:25:00Z,gcorkerao@w3.org,Male,168.76.215.103
Back to the Garden: Flower Power Comes Full Circle,2017-01-08T13:26:29Z,ejoontjesap@deviantart.com,Male,8.223.31.20
O Brother: Where Art Thou?,2017-06-10T07:34:56Z,mrobuchonaq@opera.com,Male,182.141.2.31
We Were Here,2016-12-14T08:17:15Z,tmcquirterar@studiopress.com,Male,182.54.184.159
Unbreakable,2017-05-30T02:57:15Z,nlabrenzas@squarespace.com,Female,218.209.81.137
Break Up,2017-04-09T13:56:51Z,cflintoffeat@mozilla.org,Female,37.135.84.169
Pirates of the Caribbean: On Stranger Tides,2016-11-17T01:13:28Z,dcrottyau@so-net.ne.jp,Female,60.54.7.147
Mark of the Vampire,2017-03-07T19:31:36Z,dpinsentav@ucsd.edu,Male,26.197.223.32
The Van,2017-07-19T02:53:29Z,ldurbridgeaw@ucsd.edu,Male,47.174.50.15
Back to the Garden: Flower Power Comes Full Circle,2017-05-18T11:24:27Z,gbaillesax@angelfire.com,Male,157.12.12.4
Fahrenheit 451,2017-04-06T15:49:14Z,kmaccrackenay@paginegialle.it,Female,47.239.247.165
Blind Alley,2017-07-15T18:24:44Z,kcanlinaz@miitbeian.gov.cn,Female,108.187.246.56
Remember the Daze (The Beautiful Ordinary),2017-03-01T08:06:58Z,vcutsforthb0@addtoany.com,Female,62.6.222.1
Unbreakable,2017-04-23T08:44:10Z,dhansillb1@rakuten.co.jp,Male,15.23.219.155
Kiss the Bride,2016-12-06T20:27:48Z,dregorzb2@hubpages.com,Male,232.86.83.152
Devil's Nightmare: (Plus longue nuit du diable),2017-08-02T18:59:56Z,opallaskeb3@fotki.com,Female,158.251.71.92
Birdman of Alcatraz,2017-04-17T16:38:11Z,amostynb4@tumblr.com,Male,225.136.133.42
Back to the Garden: Flower Power Comes Full Circle,2017-08-07T12:51:49Z,sdoerrlingb5@dell.com,Male,19.25.227.243
Mark of the Vampire,2017-06-21T00:17:14Z,tkiosselb6@goo.gl,Female,196.36.60.98
Mona Lisa Smile,2017-06-26T22:11:55Z,zdickeyb7@paginegialle.it,Male,230.43.27.69
Saving Silverman (Evil Woman),2017-03-26T09:08:34Z,afindenb8@ocn.ne.jp,Female,122.233.255.13
We Were Here,2017-04-17T16:22:41Z,jemnoneyb9@chron.com,Male,196.126.252.88
Hellgate,2017-05-14T02:16:33Z,lknipeba@technorati.com,Male,47.181.14.122
The Punisher,2017-07-17T14:18:24Z,mbaishbb@tripadvisor.com,Male,172.146.105.15
Break Up,2016-10-08T01:43:23Z,gsahnowbc@mashable.com,Male,154.245.44.60
Special Delivery,2016-11-29T22:36:24Z,okerswellbd@cbslocal.com,Male,22.35.62.3
The Van,2017-05-01T09:26:43Z,aamorbe@samsung.com,Male,76.194.242.36
Kolka Cool,2017-09-08T08:49:29Z,mrassmannbf@technorati.com,Female,113.244.68.43
We Were Here,2017-06-27T05:47:59Z,blecontebg@xrea.com,Male,236.114.254.116
Mortal Instruments: The City of Bones ,2017-03-31T03:54:19Z,thaybh@discovery.com,Male,137.238.141.222
Mark of the Vampire,2017-06-10T10:41:52Z,mskirvingbi@icq.com,Female,69.232.207.105
Blind Alley,2017-02-12T22:42:45Z,acastelluccibj@upenn.edu,Male,115.91.50.180
Cass Timberlane,2017-03-13T08:36:22Z,gabramowitzbk@google.com.hk,Female,120.74.140.170
Special Delivery,2017-03-08T18:54:02Z,shardbattlebl@qq.com,Female,207.50.46.29
Hellgate,2017-09-09T06:00:21Z,blehrmannbm@rakuten.co.jp,Female,127.203.118.216
Mark of the Vampire,2017-07-18T14:21:22Z,abushenbn@a8.net,Male,73.155.120.43
We Were Here,2017-09-08T21:48:47Z,tchivrallbo@altervista.org,Male,250.161.133.103
The Van,2017-06-16T08:37:51Z,nrayworthbp@mozilla.com,Male,40.242.208.137
Mortal Instruments: The City of Bones ,2016-12-29T05:22:29Z,deydenbq@scribd.com,Female,217.78.195.58
Mark of the Vampire,2017-03-31T08:09:45Z,kcaisleybr@unesco.org,Female,131.216.98.90
We Were Here,2017-07-23T00:32:27Z,didiensbs@nps.gov,Female,29.55.191.222
Pirates of the Caribbean: On Stranger Tides,2017-01-26T23:49:13Z,esidwellbt@livejournal.com,Male,54.110.24.23
Drive Hard,2016-09-13T22:34:54Z,glednorbu@google.com.br,Female,44.245.248.141
Mortal Instruments: The City of Bones ,2017-06-04T07:40:52Z,dtymbv@redcross.org,Female,203.205.46.225
The Punisher,2017-09-12T07:54:20Z,gstollsteinerbw@cnn.com,Male,50.232.120.230
Pirates of the Caribbean: On Stranger Tides,2017-01-28T18:02:23Z,msolowaybx@hao123.com,Male,67.49.3.182
O Brother: Where Art Thou?,2017-09-06T15:51:49Z,wburwellby@csmonitor.com,Female,127.161.215.182
Kolka Cool,2017-04-08T10:26:12Z,bhamsharbz@nymag.com,Male,90.197.255.169
Pirates of the Caribbean: On Stranger Tides,2017-02-12T18:22:00Z,arathec0@scribd.com,Male,65.165.170.108
Samurai Vendetta,2016-10-09T05:53:37Z,sbygottc1@columbia.edu,Female,152.129.161.117
Back to the Garden: Flower Power Comes Full Circle,2017-01-10T06:59:55Z,wbertinc2@delicious.com,Female,84.228.71.116
Special Delivery,2017-02-20T16:30:44Z,dlechmerec3@networkadvertising.org,Male,149.200.136.148
Birdman of Alcatraz,2016-09-12T07:45:54Z,trittmeyerc4@japanpost.jp,Female,121.226.147.53
O Brother: Where Art Thou?,2017-08-08T21:26:38Z,mturrillc5@constantcontact.com,Male,196.64.242.99
The Punisher,2017-08-10T12:32:30Z,cscotchfordc6@businessinsider.com,Male,143.58.218.176
Samurai Vendetta,2017-08-19T13:16:16Z,bspencec7@hc360.com,Female,116.22.174.137
Fahrenheit 451,2017-01-02T03:39:15Z,ababarc8@jalbum.net,Female,101.73.107.30
Samurai Vendetta,2017-04-09T06:23:46Z,knuschkec9@example.com,Male,154.125.131.17
Cass Timberlane,2017-07-10T22:38:52Z,candrassyca@soundcloud.com,Female,221.69.59.74
Mark of the Vampire,2017-05-14T03:35:38Z,kshuttecb@goo.gl,Female,153.198.243.87
The Punisher,2017-04-30T13:55:54Z,chewlingscc@oaic.gov.au,Male,200.69.42.219
Kiss the Bride,2017-01-07T07:42:00Z,jeusticecd@photobucket.com,Male,98.197.79.138
Break Up,2017-08-08T08:31:51Z,isnellmance@mtv.com,Male,48.22.219.43
Mark of the Vampire,2016-11-20T14:53:01Z,bdenkcf@ehow.com,Male,3.214.64.145
Samurai Vendetta,2017-08-23T13:32:11Z,astubbingscg@yahoo.co.jp,Male,224.176.115.26
Unbreakable,2017-08-24T07:40:06Z,tledgisterch@salon.com,Male,165.3.245.111
Cass Timberlane,2016-11-11T12:43:09Z,nfrakeci@hao123.com,Male,75.136.71.135
The Van,2016-11-17T17:40:51Z,pwilloxcj@huffingtonpost.com,Female,201.126.85.101
The Van,2017-02-15T16:08:56Z,bvauneck@scientificamerican.com,Male,0.250.146.19
Cass Timberlane,2017-04-24T02:33:20Z,csiemonscl@amazon.com,Female,57.210.4.115
Back to the Garden: Flower Power Comes Full Circle,2017-07-04T07:37:14Z,esmeetoncm@virginia.edu,Female,231.228.38.229
Fahrenheit 451,2017-05-17T09:22:02Z,skilleleycn@ucoz.com,Female,90.129.135.103
Special Delivery,2017-01-17T15:39:40Z,adunbavinco@skype.com,Female,243.102.153.29
We Were Here,2016-10-28T21:25:31Z,deloycp@reference.com,Male,207.218.193.143
Kiss the Bride,2016-11-02T03:39:02Z,idesvignescq@amazon.co.uk,Female,59.16.16.227
Mona Lisa Smile,2017-05-24T15:32:16Z,pkillinercr@behance.net,Male,217.232.199.115
Mortal Instruments: The City of Bones ,2017-01-26T11:08:03Z,afeaveercs@issuu.com,Female,126.30.86.212
Kolka Cool,2017-03-08T09:19:54Z,thazeupct@bravesites.com,Female,197.208.25.200
Back to the Garden: Flower Power Comes Full Circle,2016-12-24T04:21:33Z,sborlandcu@oakley.com,Male,179.216.255.122
Pirates of the Caribbean: On Stranger Tides,2016-09-18T17:40:00Z,lmillancv@meetup.com,Female,230.145.89.83
Remember the Daze (The Beautiful Ordinary),2017-04-14T03:36:21Z,dheakercw@webmd.com,Male,161.241.145.203
Remember the Daze (The Beautiful Ordinary),2017-06-19T10:16:23Z,avereckercx@foxnews.com,Female,214.166.230.21
The Punisher,2017-08-09T02:47:05Z,lreinhardcy@google.com.hk,Male,28.241.53.177
Drive Hard,2016-09-01T04:18:09Z,dkitneycz@blog.com,Female,251.36.158.134
The Punisher,2016-10-19T06:52:20Z,rlindblomd0@booking.com,Male,197.149.4.98
Unbreakable,2017-06-15T20:42:42Z,abambrughd1@virginia.edu,Male,240.40.190.214
Samurai Vendetta,2017-01-09T07:08:34Z,eallawayd2@google.com.br,Female,0.79.153.64
Mark of the Vampire,2016-09-24T08:51:51Z,sharnwelld3@newyorker.com,Female,71.73.175.0
Cass Timberlane,2017-08-23T10:17:58Z,vrolfd4@sohu.com,Female,120.20.197.188
Remember the Daze (The Beautiful Ordinary),2017-04-12T21:24:25Z,hhasserd5@ucla.edu,Male,77.18.88.174
We Were Here,2016-10-04T07:21:30Z,gkettlestingd6@hexun.com,Male,96.10.250.131
Blind Alley,2017-05-15T22:57:54Z,lrennoldsd7@noaa.gov,Male,225.22.110.91
Break Up,2017-06-15T10:37:42Z,pferfulled8@abc.net.au,Female,114.7.72.154
O Brother: Where Art Thou?,2017-07-08T16:24:33Z,szorzid9@boston.com,Female,166.212.72.226
Cass Timberlane,2017-08-21T00:13:59Z,hmessierda@reverbnation.com,Male,100.146.185.189
The Punisher,2017-07-02T04:56:05Z,kstarrsdb@fema.gov,Female,247.198.115.232
O Brother: Where Art Thou?,2017-04-24T01:15:55Z,kyeowelldc@cbslocal.com,Female,190.182.197.9
Kolka Cool,2017-09-04T00:58:08Z,kkringedd@census.gov,Male,106.163.35.21
Special Delivery,2017-07-21T06:17:18Z,thazeldinede@smugmug.com,Female,114.96.216.2
The Van,2017-01-21T09:11:21Z,ypetriedf@cisco.com,Male,49.100.13.242
Hellgate,2017-05-05T20:09:49Z,tcuzendg@surveymonkey.com,Male,226.209.22.111
Vieraalla maalla,2017-06-29T06:42:26Z,sdobsonsdh@blog.com,Female,87.241.2.191
Mortal Instruments: The City of Bones ,2017-04-11T11:32:25Z,eportchdi@thetimes.co.uk,Female,64.155.36.104
Kolka Cool,2016-09-02T15:48:11Z,mmumbesondj@cdc.gov,Male,16.93.34.157
Hellgate,2016-09-29T16:08:38Z,lalecockdk@usgs.gov,Male,113.71.239.71
The Punisher,2016-12-02T14:15:41Z,lbartsdl@dailymotion.com,Female,219.96.66.53
Cass Timberlane,2017-05-14T08:47:53Z,hreadshalldm@un.org,Female,83.126.127.121
Fahrenheit 451,2016-10-11T22:53:16Z,ctwinberrowdn@google.fr,Female,81.46.52.195
Kiss the Bride,2017-02-28T05:36:42Z,ncolbertdo@sun.com,Female,8.251.131.28
Kiss the Bride,2016-10-08T23:30:31Z,ftimbrelldp@google.pl,Male,186.130.209.155
Remember the Daze (The Beautiful Ordinary),2017-05-18T16:59:30Z,ccrabtreedq@bloglovin.com,Male,106.44.138.97
We Were Here,2016-12-21T09:04:31Z,gstaitedr@smugmug.com,Female,176.202.116.69
The Punisher,2016-10-02T15:47:34Z,leallesds@g.co,Male,203.143.248.67
Vieraalla maalla,2017-02-09T09:49:12Z,bdomengetdt@sogou.com,Female,50.193.210.187
The Van,2017-02-11T05:17:52Z,adenhamdu@microsoft.com,Female,46.235.142.161
Samurai Vendetta,2016-11-26T16:10:54Z,kmacbaindv@twitter.com,Female,68.186.85.76
Blind Alley,2017-05-29T18:18:09Z,gbragadw@unc.edu,Female,128.23.241.177
Drive Hard,2017-01-19T21:47:25Z,awonfordx@artisteer.com,Female,159.16.201.229
Mona Lisa Smile,2016-11-21T07:21:59Z,rbootherstonedy@cnbc.com,Female,103.161.53.47
Samurai Vendetta,2017-07-23T08:07:08Z,rmcaleesedz@theguardian.com,Female,80.58.16.180
Birdman of Alcatraz,2017-06-09T20:49:56Z,ldiblinge0@cdbaby.com,Male,47.19.188.160
Back to the Garden: Flower Power Comes Full Circle,2017-01-07T05:13:48Z,ndunthorne1@nasa.gov,Male,254.89.173.185
Devil's Nightmare: (Plus longue nuit du diable),2017-05-04T03:05:50Z,jcreese2@rambler.ru,Female,238.184.183.98
Devil's Nightmare: (Plus longue nuit du diable),2017-07-07T11:10:24Z,tsatforde3@columbia.edu,Male,176.81.74.194
The Van,2017-03-05T20:13:19Z,tespadatee4@bigcartel.com,Male,232.102.109.233
The Van,2017-03-18T00:30:38Z,aolivae5@jimdo.com,Female,191.206.37.204
Mona Lisa Smile,2016-10-14T12:45:08Z,tmacfalle6@jigsy.com,Male,201.37.121.123
Devil's Nightmare: (Plus longue nuit du diable),2017-07-15T06:43:22Z,abigadikee7@prlog.org,Female,34.169.249.204
Fahrenheit 451,2016-11-24T15:29:17Z,ajamesone8@list-manage.com,Male,102.119.164.48
Break Up,2016-11-13T00:02:30Z,acantillone9@nature.com,Female,213.167.79.230
Kiss the Bride,2017-09-07T00:55:28Z,johagirtieea@delicious.com,Female,212.70.128.68
Blind Alley,2017-05-04T21:54:40Z,tmynetteb@live.com,Female,232.65.236.117
Mark of the Vampire,2017-05-03T23:30:00Z,bhalfacreeec@tiny.cc,Female,145.239.237.84
Unbreakable,2017-08-23T13:56:55Z,hpeidroed@plala.or.jp,Male,124.153.73.104
Mortal Instruments: The City of Bones ,2017-04-01T04:26:42Z,hstlegeree@twitter.com,Male,214.153.178.78
Saving Silverman (Evil Woman),2017-07-21T01:43:08Z,atwelftreeef@unblog.fr,Female,19.226.173.72
Samurai Vendetta,2016-10-30T16:54:20Z,fsallingereg@theatlantic.com,Female,189.152.249.203
Drive Hard,2016-11-04T07:15:20Z,tdudhilleh@weather.com,Male,26.61.176.228
Kiss the Bride,2017-06-29T19:17:15Z,gbuckenhamei@businesswire.com,Female,127.132.184.126
Back to the Garden: Flower Power Comes Full Circle,2017-04-03T04:03:37Z,ssparwayej@reverbnation.com,Female,178.182.3.239
Kolka Cool,2017-03-28T15:35:53Z,cwreathek@loc.gov,Male,182.237.18.172
Hellgate,2017-04-05T19:30:14Z,oedisel@vimeo.com,Female,219.85.154.110
Kolka Cool,2017-02-18T19:45:34Z,emangionem@paginegialle.it,Male,84.10.106.12
Special Delivery,2017-01-05T08:57:35Z,creggioen@theguardian.com,Male,11.18.14.237
Unbreakable,2017-06-12T12:56:33Z,jfearensideeo@istockphoto.com,Male,96.27.58.58
O Brother: Where Art Thou?,2017-05-02T19:16:52Z,rridehalghep@lulu.com,Male,117.98.255.76
Birdman of Alcatraz,2017-02-03T17:29:06Z,gmossdaleeq@arizona.edu,Male,6.133.154.57
The Van,2017-02-14T23:58:44Z,ngrisewooder@guardian.co.uk,Male,15.90.106.223
We Were Here,2017-08-12T14:59:55Z,bbenoitones@independent.co.uk,Male,71.107.105.53
Saving Silverman (Evil Woman),2017-05-01T15:51:30Z,rwornhamet@addthis.com,Female,102.130.173.183
Birdman of Alcatraz,2017-08-22T08:47:02Z,avasiliueu@jiathis.com,Male,166.54.76.215
Kiss the Bride,2017-01-25T17:04:42Z,klezemereev@google.com,Female,245.38.203.46
Saving Silverman (Evil Woman),2017-07-05T12:01:46Z,bpynerew@earthlink.net,Female,41.7.39.92
Kolka Cool,2017-03-16T03:31:35Z,hascoughex@huffingtonpost.com,Male,129.146.127.49
Pirates of the Caribbean: On Stranger Tides,2017-08-18T17:42:41Z,togelsbyey@sakura.ne.jp,Female,111.174.89.156
Mona Lisa Smile,2016-09-10T00:28:16Z,vfewlassez@indiegogo.com,Male,99.162.182.253
Kolka Cool,2017-06-21T12:06:43Z,cgadief0@ocn.ne.jp,Male,255.135.202.191
Drive Hard,2017-03-07T14:38:56Z,aridolfif1@aol.com,Female,71.182.159.15
Kiss the Bride,2016-11-13T23:49:09Z,ccundef2@jalbum.net,Male,196.96.131.157
Samurai Vendetta,2017-01-12T21:14:25Z,wdadamof3@privacy.gov.au,Male,26.213.52.246
Fahrenheit 451,2016-12-14T05:24:50Z,bnaptonf4@thetimes.co.uk,Female,153.207.219.140
Kiss the Bride,2017-04-04T19:33:09Z,dleveef5@gizmodo.com,Female,169.154.129.242
Back to the Garden: Flower Power Comes Full Circle,2016-12-13T02:10:26Z,rfisherf6@sciencedirect.com,Male,233.20.223.219
Saving Silverman (Evil Woman),2017-06-26T02:29:57Z,oboullenf7@reddit.com,Female,177.60.15.164
Kolka Cool,2017-09-03T20:53:12Z,ascollandf8@github.io,Male,120.237.152.74
Unbreakable,2017-06-27T18:08:52Z,clottef9@e-recht24.de,Male,246.155.149.20
We Were Here,2016-09-11T01:03:09Z,ctregianfa@howstuffworks.com,Female,41.154.169.231
Hellgate,2017-06-06T22:10:07Z,adegiorgifb@1688.com,Female,117.132.186.163
The Punisher,2017-09-12T21:06:41Z,cpoorefc@tinyurl.com,Male,244.72.164.27
Back to the Garden: Flower Power Comes Full Circle,2017-01-22T19:56:01Z,hjupefd@baidu.com,Female,198.21.177.192
Drive Hard,2017-04-02T01:53:50Z,jmacconnultyfe@myspace.com,Female,245.140.178.78
O Brother: Where Art Thou?,2017-03-21T01:44:35Z,mgrevilleff@acquirethisname.com,Male,59.38.147.31
Fahrenheit 451,2016-12-12T05:58:22Z,cbeckfg@pinterest.com,Male,33.34.137.184
Unbreakable,2017-06-11T08:27:23Z,aguirardinfh@blogtalkradio.com,Female,208.41.243.254
The Van,2017-03-14T12:04:41Z,rolivafi@pcworld.com,Female,12.111.212.71
Devil's Nightmare: (Plus longue nuit du diable),2017-05-20T13:12:29Z,nbiggerdikefj@vkontakte.ru,Female,51.65.153.227
Mortal Instruments: The City of Bones ,2016-10-24T03:15:46Z,eantognazzifk@odnoklassniki.ru,Female,48.225.183.106
Saving Silverman (Evil Woman),2017-03-26T21:38:06Z,omarriottfl@va.gov,Male,241.38.233.6
Vieraalla maalla,2017-03-03T20:55:26Z,mtoffolofm@addtoany.com,Female,254.85.102.166
Samurai Vendetta,2016-11-27T20:42:53Z,mplaidefn@facebook.com,Male,144.117.118.46
Break Up,2017-09-11T10:46:10Z,lleaffo@nba.com,Male,15.226.57.57
Remember the Daze (The Beautiful Ordinary),2017-07-26T04:18:59Z,kblamirefp@mapquest.com,Male,151.7.121.248
O Brother: Where Art Thou?,2017-08-04T15:32:36Z,santoniottiifq@gnu.org,Male,222.193.7.153
Devil's Nightmare: (Plus longue nuit du diable),2017-02-20T21:36:41Z,deyckelbeckfr@blogs.com,Female,147.99.18.190
Saving Silverman (Evil Woman),2017-06-11T07:09:04Z,caizlewoodfs@auda.org.au,Male,1.21.132.119
Drive Hard,2017-02-02T10:13:54Z,aberzonft@usgs.gov,Male,124.156.68.100
Blind Alley,2016-10-09T14:51:07Z,gvinnicombefu@independent.co.uk,Female,20.29.26.38
We Were Here,2017-03-20T08:07:17Z,tkyrkemanfv@discovery.com,Female,254.200.22.35
Cass Timberlane,2017-05-15T08:15:54Z,mleportfw@stumbleupon.com,Male,43.42.25.197
Unbreakable,2016-11-17T04:32:37Z,bburdessfx@bloomberg.com,Female,166.62.176.41
Break Up,2017-09-01T17:19:15Z,rcadiganfy@plala.or.jp,Female,207.133.154.158
Vieraalla maalla,2017-04-25T09:21:11Z,agarmeyfz@amazonaws.com,Female,168.225.153.49
Kolka Cool,2017-08-20T12:08:33Z,cmurtimerg0@vistaprint.com,Male,120.168.30.182
We Were Here,2017-01-21T14:49:06Z,ldounbareg1@sitemeter.com,Male,37.110.113.71
Drive Hard,2017-01-19T13:30:27Z,edurbing2@pbs.org,Male,185.48.92.68
Blind Alley,2017-02-18T01:35:52Z,tcunradog3@php.net,Female,207.180.207.185
Birdman of Alcatraz,2017-05-29T23:56:04Z,ckurtong4@bing.com,Female,90.222.198.228
Remember the Daze (The Beautiful Ordinary),2017-08-05T18:09:00Z,atrowleg5@adobe.com,Male,37.138.32.215
Cass Timberlane,2017-03-17T05:58:31Z,ewhistanceg6@netlog.com,Female,207.87.179.155
Pirates of the Caribbean: On Stranger Tides,2016-09-01T03:35:05Z,twarriorg7@buzzfeed.com,Female,130.102.19.245
Drive Hard,2017-01-18T01:47:42Z,glengthorng8@myspace.com,Male,186.26.112.157
Saving Silverman (Evil Woman),2016-09-15T13:15:23Z,ckettleyg9@goodreads.com,Male,184.232.59.3
Kiss the Bride,2017-05-21T07:01:01Z,hbassickga@nyu.edu,Female,121.68.126.101
Special Delivery,2016-09-06T23:41:27Z,ncornwellgb@yellowbook.com,Female,106.241.130.177
Vieraalla maalla,2017-02-22T03:01:57Z,caultongc@zimbio.com,Female,4.210.33.55
We Were Here,2017-05-02T02:44:15Z,lparmangd@cisco.com,Male,114.13.175.45
Hellgate,2017-09-17T09:11:20Z,amilbyge@bravesites.com,Male,149.73.14.135
Cass Timberlane,2017-06-30T21:55:28Z,hraimangf@de.vu,Male,3.189.144.66
Mortal Instruments: The City of Bones ,2017-08-07T14:45:16Z,mduffreegg@umich.edu,Female,8.249.144.67
Back to the Garden: Flower Power Comes Full Circle,2016-09-25T06:44:31Z,lcutteridgegh@booking.com,Female,111.209.71.254
We Were Here,2017-02-15T11:09:48Z,cgonggi@aboutads.info,Female,251.70.87.218
Fahrenheit 451,2016-12-18T00:13:05Z,sclutheramgj@discuz.net,Female,144.6.108.169
Mortal Instruments: The City of Bones ,2017-07-27T06:46:07Z,hgoodreidgk@xing.com,Female,239.158.124.111
Birdman of Alcatraz,2016-12-06T21:54:43Z,jandriesgl@shareasale.com,Female,7.1.230.99
Mona Lisa Smile,2017-09-12T20:40:54Z,dmylchreestgm@oaic.gov.au,Male,77.129.9.126
Remember the Daze (The Beautiful Ordinary),2017-02-22T18:36:15Z,blobleygn@fema.gov,Female,182.0.132.51
Special Delivery,2016-09-24T18:01:35Z,mwerrilowgo@etsy.com,Male,166.162.29.5
The Punisher,2016-12-25T04:28:54Z,rwhitehornegp@flavors.me,Female,238.2.141.193
The Van,2017-02-24T12:38:28Z,tsammonsgq@ibm.com,Male,229.203.141.227
O Brother: Where Art Thou?,2016-11-18T07:21:50Z,emcmenamingr@printfriendly.com,Male,95.228.20.97
Hellgate,2017-07-07T07:05:53Z,sspurgings@usnews.com,Female,35.45.200.27
Mona Lisa Smile,2017-06-20T20:48:12Z,mozeltongt@mapy.cz,Female,93.23.214.158
O Brother: Where Art Thou?,2017-04-15T17:09:38Z,gfantonegu@seesaa.net,Male,42.122.217.238
We Were Here,2017-05-01T21:39:29Z,jpysongv@yellowbook.com,Male,48.128.24.186
O Brother: Where Art Thou?,2017-06-27T00:38:32Z,mofergusgw@last.fm,Female,239.204.154.40
Blind Alley,2017-06-25T18:33:22Z,bmadnergx@army.mil,Female,132.51.88.37
Back to the Garden: Flower Power Comes Full Circle,2017-08-31T14:14:27Z,jdeveralgy@tiny.cc,Male,115.7.40.238
Birdman of Alcatraz,2017-08-08T13:13:30Z,kdemanchegz@google.com.br,Male,95.221.171.164
O Brother: Where Art Thou?,2017-06-02T10:27:00Z,zlangdonh0@dailymail.co.uk,Female,76.231.205.80
O Brother: Where Art Thou?,2017-02-22T01:03:57Z,rshaddickh1@icio.us,Female,189.1.48.137
Blind Alley,2016-09-29T20:18:05Z,lclancyh2@dmoz.org,Male,252.21.195.109
Cass Timberlane,2017-01-17T22:47:10Z,bsellekh3@g.co,Male,187.36.234.177
Break Up,2017-05-18T05:50:43Z,espeendenh4@soundcloud.com,Female,41.159.153.149
Special Delivery,2016-11-14T17:15:11Z,carkillh5@cloudflare.com,Male,244.216.107.154
Special Delivery,2017-02-09T09:01:02Z,gspaxmanh6@rediff.com,Female,73.96.234.244
Kolka Cool,2017-04-29T08:26:13Z,wgoodayh7@google.cn,Male,232.62.177.80
Special Delivery,2016-12-18T09:18:21Z,mtamsh8@e-recht24.de,Female,170.130.178.75
Back to the Garden: Flower Power Comes Full Circle,2016-11-28T13:56:56Z,bmcmullenh9@answers.com,Female,24.44.63.140
The Punisher,2017-08-08T16:55:49Z,lflaggha@tripadvisor.com,Male,114.21.63.148
Vieraalla maalla,2017-05-24T15:31:32Z,tblowhb@patch.com,Male,230.27.112.104
Vieraalla maalla,2016-12-08T12:38:01Z,bkieltyhc@boston.com,Female,155.78.244.5
Fahrenheit 451,2017-07-04T23:27:01Z,lwipflerhd@forbes.com,Female,9.50.105.113
Unbreakable,2017-08-26T04:13:42Z,rbrounckerhe@php.net,Male,93.225.120.3
Mark of the Vampire,2017-04-06T19:43:01Z,estockoehf@example.com,Male,223.218.64.126
Mona Lisa Smile,2017-06-08T17:18:40Z,mlidierthhg@tripadvisor.com,Male,123.96.162.144
Fahrenheit 451,2017-01-03T16:33:51Z,ljoslynhh@accuweather.com,Female,131.239.4.187
Saving Silverman (Evil Woman),2017-08-21T18:23:07Z,dtollidayhi@harvard.edu,Female,52.214.111.119
Back to the Garden: Flower Power Comes Full Circle,2017-08-09T03:08:31Z,fgooderickhj@elegantthemes.com,Female,71.212.174.81
Special Delivery,2017-08-14T15:41:01Z,jcaserohk@dagondesign.com,Male,163.206.43.207
Special Delivery,2016-12-12T18:07:47Z,aburvillhl@salon.com,Female,31.120.130.128
Hellgate,2017-04-12T00:52:32Z,cdrewsonhm@ycombinator.com,Male,23.90.78.194
Special Delivery,2017-07-06T12:09:23Z,bfluckshn@chicagotribune.com,Male,187.239.210.154
O Brother: Where Art Thou?,2017-02-26T02:51:18Z,jhavvockho@telegraph.co.uk,Female,232.180.49.58
O Brother: Where Art Thou?,2017-03-07T18:06:54Z,hraesidehp@disqus.com,Male,59.57.107.85
Break Up,2017-07-02T13:00:23Z,eheninghamhq@buzzfeed.com,Female,208.64.189.80
Blind Alley,2017-06-29T20:23:08Z,kyeatmanhr@jiathis.com,Male,176.64.98.216
Blind Alley,2016-11-22T22:19:24Z,msproulehs@indiatimes.com,Female,222.124.4.216
Mona Lisa Smile,2017-05-12T21:40:28Z,gyvesht@cnet.com,Female,243.52.236.93
The Punisher,2017-07-18T01:46:14Z,jneliushu@merriam-webster.com,Male,85.24.174.108
Special Delivery,2016-10-17T01:41:25Z,nbriarhv@zimbio.com,Male,58.194.4.81
Samurai Vendetta,2017-05-22T18:50:07Z,mcairdhw@senate.gov,Male,147.87.137.35
Devil's Nightmare: (Plus longue nuit du diable),2017-08-18T09:30:59Z,egreastyhx@dailymotion.com,Male,104.157.31.132
Drive Hard,2017-03-06T19:17:38Z,sdimatteohy@thetimes.co.uk,Male,219.34.158.236
Vieraalla maalla,2017-06-10T21:17:15Z,wposselthz@delicious.com,Male,45.177.183.27
Kiss the Bride,2017-09-08T16:38:24Z,zmalenoiri0@slate.com,Female,118.99.247.43
Birdman of Alcatraz,2016-09-05T05:18:02Z,ddreusi1@amazon.co.uk,Male,111.75.107.120
Mark of the Vampire,2016-09-29T13:46:37Z,abirkwoodi2@g.co,Male,254.219.201.135
Devil's Nightmare: (Plus longue nuit du diable),2016-12-11T02:18:08Z,jmcgannoni3@nsw.gov.au,Male,168.176.27.246
Vieraalla maalla,2017-03-15T02:51:31Z,mgooleyi4@mail.ru,Female,195.27.238.75
Blind Alley,2016-11-16T04:59:58Z,jickovi5@github.io,Male,89.92.102.161
Hellgate,2017-01-23T21:33:34Z,dmyotti6@disqus.com,Female,77.202.142.196
Kolka Cool,2016-10-29T17:38:04Z,gburchmorei7@hhs.gov,Male,124.161.61.148
Kolka Cool,2016-12-01T00:39:57Z,gswepstonei8@youku.com,Male,239.49.142.175
Devil's Nightmare: (Plus longue nuit du diable),2017-03-27T00:23:47Z,zreschkei9@cdbaby.com,Male,68.1.0.207
Kiss the Bride,2017-06-05T22:27:52Z,dcodlinia@dion.ne.jp,Male,134.201.111.41
Back to the Garden: Flower Power Comes Full Circle,2017-08-26T00:57:54Z,easlumib@senate.gov,Male,200.192.106.108
Remember the Daze (The Beautiful Ordinary),2017-02-08T14:28:15Z,espringellic@bing.com,Female,44.121.82.24
Cass Timberlane,2017-09-17T15:21:26Z,mdodgeid@arstechnica.com,Male,109.78.96.220
O Brother: Where Art Thou?,2016-10-25T22:44:37Z,vitskovitzie@dot.gov,Male,202.20.184.222
Kiss the Bride,2016-10-01T14:21:06Z,dvianif@yale.edu,Male,128.159.146.63
Mona Lisa Smile,2017-07-05T01:45:44Z,gbelhamig@woothemes.com,Female,26.161.120.165
Kiss the Bride,2017-05-21T13:22:05Z,btolmanih@zimbio.com,Female,195.73.184.17
Mona Lisa Smile,2017-01-29T11:07:32Z,nnareyii@hud.gov,Female,210.77.38.134
Pirates of the Caribbean: On Stranger Tides,2017-07-10T09:30:06Z,rmessomij@ehow.com,Female,108.40.175.241
Drive Hard,2016-12-16T21:00:25Z,egilluleyik@cam.ac.uk,Female,9.117.85.18
Vieraalla maalla,2017-09-05T17:12:39Z,hyeardleyil@theatlantic.com,Male,104.242.128.9
O Brother: Where Art Thou?,2017-06-09T19:57:35Z,mfrowdeim@tripadvisor.com,Male,182.128.4.60
Vieraalla maalla,2016-12-18T08:50:33Z,rezzlein@bluehost.com,Female,187.170.154.37
Special Delivery,2017-01-29T21:43:38Z,snormantonio@issuu.com,Female,29.136.118.85
Remember the Daze (The Beautiful Ordinary),2017-01-07T17:55:58Z,saylesburyip@ted.com,Female,39.98.15.68
The Van,2016-09-08T12:58:57Z,dcarlsoniq@geocities.com,Female,154.171.244.210
Fahrenheit 451,2017-03-27T12:47:58Z,mlowselyir@bbb.org,Female,210.222.171.130
Kolka Cool,2017-06-30T05:53:25Z,hsamwyseis@goo.ne.jp,Male,114.37.141.166
Kolka Cool,2017-01-20T19:47:19Z,bklaisit@google.de,Female,220.147.235.137
Break Up,2017-08-21T06:15:35Z,wcapelingiu@springer.com,Female,243.10.115.33
We Were Here,2016-12-31T07:46:40Z,lmatokhniniv@constantcontact.com,Male,224.130.198.223
Kiss the Bride,2016-09-10T15:38:38Z,aramsbyiw@wix.com,Male,238.201.55.231
Break Up,2016-09-14T07:03:26Z,koattesix@wisc.edu,Male,7.241.133.224
Mark of the Vampire,2016-12-19T20:08:51Z,mrubinoviciiy@360.cn,Female,163.190.86.129
Devil's Nightmare: (Plus longue nuit du diable),2017-02-08T08:31:23Z,egudgeniz@time.com,Male,252.185.135.225
Remember the Daze (The Beautiful Ordinary),2017-04-03T18:23:54Z,kdreganj0@meetup.com,Male,247.3.207.146
Devil's Nightmare: (Plus longue nuit du diable),2017-08-26T02:49:58Z,jmcdougallj1@intel.com,Female,143.190.174.210
Remember the Daze (The Beautiful Ordinary),2017-08-15T00:31:48Z,emaruskaj2@sakura.ne.jp,Female,6.80.19.201
The Van,2017-09-06T22:40:54Z,jorrahj3@fda.gov,Female,112.26.93.28
Birdman of Alcatraz,2017-05-28T15:19:36Z,thymusj4@umich.edu,Male,166.192.94.107
O Brother: Where Art Thou?,2017-07-02T13:31:08Z,tmellodeyj5@mozilla.org,Male,76.75.40.11
Saving Silverman (Evil Woman),2016-12-28T21:42:38Z,fopdenorthj6@so-net.ne.jp,Male,253.255.150.131
We Were Here,2016-11-22T13:56:29Z,rmetcalfej7@i2i.jp,Female,127.2.83.34
Special Delivery,2016-12-15T21:05:49Z,tleybornej8@gravatar.com,Male,170.192.44.148
Mark of the Vampire,2017-01-06T00:27:21Z,thillockj9@sourceforge.net,Male,6.48.207.20
Special Delivery,2016-11-06T17:08:55Z,wwederellja@theguardian.com,Female,59.99.13.10
The Van,2017-07-11T22:04:34Z,efindonjb@uol.com.br,Female,216.199.109.161
Fahrenheit 451,2017-07-28T12:23:40Z,phorselljc@deviantart.com,Male,252.2.107.109
The Punisher,2017-01-06T18:00:33Z,imuskjd@t-online.de,Male,83.249.99.237
Mona Lisa Smile,2017-01-07T06:14:10Z,jfettiplaceje@hc360.com,Male,232.232.39.142
Vieraalla maalla,2017-01-27T18:21:48Z,jruosjf@wufoo.com,Male,1.232.198.86
Kiss the Bride,2017-02-03T01:21:13Z,mecclesharejg@cnet.com,Male,196.21.236.104
The Van,2017-02-08T08:05:44Z,schurlyjh@theatlantic.com,Female,80.87.62.70
O Brother: Where Art Thou?,2017-02-19T11:03:44Z,rschusterlji@wisc.edu,Male,143.35.224.97
Vieraalla maalla,2017-05-29T20:40:54Z,rjosupeitjj@rediff.com,Female,39.230.228.68
Cass Timberlane,2017-08-09T00:06:52Z,dgreatbankjk@ustream.tv,Male,206.111.62.198
Unbreakable,2017-04-29T20:07:13Z,msimpkinjl@narod.ru,Male,3.43.153.210
O Brother: Where Art Thou?,2016-10-15T01:15:04Z,lcampanyjm@biblegateway.com,Male,2.2.18.34
Cass Timberlane,2016-09-10T00:58:41Z,tvosejn@netvibes.com,Male,82.121.25.156
Break Up,2016-09-10T23:09:47Z,tshervingtonjo@github.com,Female,9.198.168.66
Remember the Daze (The Beautiful Ordinary),2017-05-18T19:51:08Z,cfarlamjp@arstechnica.com,Female,57.48.10.233
Devil's Nightmare: (Plus longue nuit du diable),2017-04-17T23:32:19Z,nshillitojq@oaic.gov.au,Male,140.205.73.61
Mortal Instruments: The City of Bones ,2017-01-02T08:02:35Z,vgudgeonjr@histats.com,Male,154.91.51.91
Cass Timberlane,2016-09-30T23:04:44Z,klipscombejs@bluehost.com,Male,200.167.104.51
Blind Alley,2017-05-23T02:47:55Z,mwollrauchjt@nba.com,Female,147.1.180.207
Kiss the Bride,2017-01-13T11:25:00Z,jgrishkovju@tinypic.com,Female,238.219.227.43
Hellgate,2017-03-09T03:27:48Z,cheislerjv@over-blog.com,Male,201.12.190.49
Kolka Cool,2016-11-22T13:12:08Z,dlintalljw@naver.com,Female,134.183.141.174
Special Delivery,2017-05-21T19:25:47Z,gfatkinjx@noaa.gov,Male,88.7.176.24
The Van,2017-01-31T04:35:21Z,sgosartjy@wix.com,Female,175.241.132.25
Vieraalla maalla,2017-01-02T11:43:34Z,rsambedgejz@webs.com,Male,220.220.111.125
O Brother: Where Art Thou?,2017-08-07T01:21:53Z,mtrahearnk0@canalblog.com,Male,42.196.234.152
Pirates of the Caribbean: On Stranger Tides,2016-12-21T20:45:23Z,vdoolank1@ebay.co.uk,Female,117.226.114.168
The Van,2017-05-27T17:53:17Z,averbrugghenk2@techcrunch.com,Male,141.167.244.160
Samurai Vendetta,2017-08-16T18:30:10Z,smateosk3@loc.gov,Male,16.22.1.116
Fahrenheit 451,2016-10-07T20:38:02Z,psindellk4@sakura.ne.jp,Female,122.189.224.29
Kolka Cool,2017-03-02T22:04:39Z,dmallockk5@stanford.edu,Male,83.230.16.29
O Brother: Where Art Thou?,2017-06-25T10:42:24Z,fmethringhamk6@amazon.co.jp,Male,158.216.190.143
Mortal Instruments: The City of Bones ,2017-07-31T10:25:06Z,hpurcellk7@51.la,Female,154.188.229.48
Blind Alley,2017-08-07T23:51:25Z,jgilveark8@patch.com,Male,126.27.78.219
Back to the Garden: Flower Power Comes Full Circle,2017-04-04T01:55:26Z,crowterk9@sfgate.com,Female,59.32.41.155
Birdman of Alcatraz,2016-10-31T11:40:47Z,frismanka@printfriendly.com,Male,229.33.59.249
Mortal Instruments: The City of Bones ,2016-10-24T18:04:36Z,rrosettikb@loc.gov,Female,252.7.224.88
Hellgate,2017-01-07T18:02:53Z,bocurrigankc@opensource.org,Female,232.207.157.171
Break Up,2017-02-16T12:38:11Z,tkliemannkd@cdc.gov,Female,9.48.168.17
Unbreakable,2016-12-21T13:56:24Z,ufrostdykeke@ebay.com,Male,89.153.77.73
We Were Here,2017-06-24T01:14:30Z,mcoardkf@omniture.com,Female,169.96.61.38
Fahrenheit 451,2017-02-26T12:50:27Z,dthickettkg@vistaprint.com,Male,117.50.115.208
Pirates of the Caribbean: On Stranger Tides,2017-04-12T15:26:51Z,svoletkh@jugem.jp,Male,236.224.7.230
Devil's Nightmare: (Plus longue nuit du diable),2017-06-30T08:41:32Z,sjeenski@illinois.edu,Male,127.111.210.70
Cass Timberlane,2017-07-23T23:22:33Z,fbushekj@google.es,Female,133.207.217.213
O Brother: Where Art Thou?,2017-04-20T14:04:09Z,mfallowkk@webs.com,Female,101.180.116.47
O Brother: Where Art Thou?,2017-08-23T03:47:58Z,holivaskl@discuz.net,Female,69.166.0.9
Birdman of Alcatraz,2016-12-20T09:50:29Z,rallchornekm@youtu.be,Male,22.59.77.9
Mark of the Vampire,2016-11-21T00:20:32Z,acircuitkn@lulu.com,Female,206.163.212.12
Drive Hard,2017-05-18T12:54:07Z,tmottersheadko@w3.org,Female,82.21.150.91
Fahrenheit 451,2017-09-06T08:39:22Z,gjouningkp@cbsnews.com,Female,213.24.136.179
Mark of the Vampire,2016-11-20T17:51:04Z,opuddiferkq@cdc.gov,Female,70.34.170.95
Birdman of Alcatraz,2016-11-23T22:09:49Z,fjouandetkr@ucoz.ru,Female,230.181.156.156
Mortal Instruments: The City of Bones ,2016-12-24T08:33:38Z,jhambrickks@a8.net,Male,108.48.5.210
Pirates of the Caribbean: On Stranger Tides,2016-10-22T00:57:22Z,goehmkt@youtube.com,Female,143.230.47.166
We Were Here,2017-05-11T04:28:52Z,kcrossku@ft.com,Female,251.241.8.31
Mortal Instruments: The City of Bones ,2016-10-12T16:18:52Z,lbellsonkv@amazon.co.uk,Female,101.23.168.123
The Punisher,2017-08-08T14:35:32Z,stullochkw@example.com,Male,11.229.131.56
Samurai Vendetta,2017-09-15T07:49:23Z,kmcmenemykx@istockphoto.com,Female,53.98.199.123
Vieraalla maalla,2017-07-29T04:43:50Z,gdanielskyky@marketwatch.com,Male,41.41.67.197
Cass Timberlane,2017-05-09T19:44:32Z,bwardesworthkz@sina.com.cn,Female,233.16.123.165
O Brother: Where Art Thou?,2016-11-21T17:14:40Z,rmcgillreichl0@reverbnation.com,Male,95.206.115.132
Break Up,2017-03-25T14:07:27Z,dbottjerl1@marriott.com,Female,2.246.26.8
Mark of the Vampire,2017-01-31T00:40:50Z,kvezeyl2@exblog.jp,Male,184.39.38.7
Unbreakable,2016-12-20T17:38:18Z,hgiovanettil3@sitemeter.com,Male,141.180.59.180
Unbreakable,2017-06-16T22:30:48Z,jmillionl4@behance.net,Female,43.231.222.95
Samurai Vendetta,2017-06-30T20:06:06Z,tlaimablel5@squidoo.com,Male,18.173.141.33
Mortal Instruments: The City of Bones ,2016-12-23T09:52:13Z,rstiantl6@home.pl,Female,214.205.39.152
Remember the Daze (The Beautiful Ordinary),2017-02-10T23:21:51Z,sbrafertonl7@pinterest.com,Female,117.215.6.211
Cass Timberlane,2016-10-08T22:53:18Z,aterryl8@vinaora.com,Female,105.64.212.177
Kiss the Bride,2017-08-07T21:46:14Z,edudeniel9@fotki.com,Female,60.32.161.204
Break Up,2017-05-28T03:29:47Z,econnopla@elegantthemes.com,Male,63.104.195.85
Break Up,2017-04-15T15:29:01Z,aromeilb@home.pl,Female,194.230.184.210
Remember the Daze (The Beautiful Ordinary),2017-03-09T06:54:26Z,hluciolc@tumblr.com,Male,226.129.167.79
Break Up,2017-06-17T11:10:31Z,gbengocheald@archive.org,Male,14.205.158.22
Unbreakable,2017-09-15T20:55:02Z,lbatrimle@nyu.edu,Female,250.131.238.225
The Van,2016-09-18T03:20:53Z,cstittlf@omniture.com,Female,65.110.101.197
Back to the Garden: Flower Power Comes Full Circle,2016-11-13T12:03:18Z,mtallmanlg@tripadvisor.com,Female,43.134.77.165
Hellgate,2016-11-15T18:25:02Z,kwolseylh@nature.com,Female,103.127.111.3
Break Up,2017-03-26T00:07:15Z,dtreasureli@sphinn.com,Female,219.242.51.23
Mona Lisa Smile,2017-06-25T02:15:56Z,rmcgoochlj@google.es,Female,171.175.22.182
Vieraalla maalla,2016-11-14T23:26:17Z,dskoggingslk@answers.com,Female,233.202.108.85
Birdman of Alcatraz,2017-07-28T18:45:37Z,ceckeryll@army.mil,Male,226.116.23.203
Saving Silverman (Evil Woman),2017-02-27T14:41:14Z,cgiorgionilm@icio.us,Female,145.81.111.236
Remember the Daze (The Beautiful Ordinary),2017-09-11T02:21:16Z,krivallantln@hud.gov,Female,4.48.138.149
Vieraalla maalla,2017-04-15T09:53:42Z,mnicholslo@psu.edu,Female,142.7.112.130
Back to the Garden: Flower Power Comes Full Circle,2017-09-12T02:31:41Z,etilberrylp@twitter.com,Male,169.240.189.214
Remember the Daze (The Beautiful Ordinary),2017-05-12T00:06:05Z,bgoulterlq@webnode.com,Female,216.55.2.22
Saving Silverman (Evil Woman),2017-07-19T05:04:37Z,nsimmonettlr@sitemeter.com,Male,240.97.178.140
Special Delivery,2017-03-14T13:21:33Z,reillesls@hc360.com,Female,142.88.187.116
Break Up,2017-09-05T00:27:10Z,astoaklt@storify.com,Female,237.227.14.246
The Van,2017-01-11T02:25:15Z,blucalu@cmu.edu,Male,32.120.147.200
Saving Silverman (Evil Woman),2017-08-18T08:45:56Z,dlathwelllv@linkedin.com,Male,95.36.179.111
Break Up,2017-06-24T09:27:56Z,bmathiasenlw@rambler.ru,Male,235.61.22.82
Hellgate,2017-02-06T01:54:08Z,sturonelx@geocities.jp,Female,190.8.20.84
Birdman of Alcatraz,2017-06-02T17:35:39Z,jgibbesonly@free.fr,Male,75.202.10.202
Back to the Garden: Flower Power Comes Full Circle,2017-07-12T04:45:32Z,oodgerlz@who.int,Female,200.254.132.84
The Punisher,2017-06-17T12:31:34Z,wtraitem0@usnews.com,Female,66.147.184.27
We Were Here,2017-03-21T07:27:04Z,rperrinsm1@indiegogo.com,Female,122.11.23.28
Pirates of the Caribbean: On Stranger Tides,2017-07-18T23:34:08Z,ibaldenm2@va.gov,Male,65.96.41.10
Mortal Instruments: The City of Bones ,2016-12-01T17:12:51Z,btrinderm3@gmpg.org,Female,247.164.14.223
Kiss the Bride,2017-02-26T18:36:48Z,pbletsom4@printfriendly.com,Male,105.196.138.218
O Brother: Where Art Thou?,2017-07-16T20:53:11Z,msimonim5@blogspot.com,Male,171.63.55.64
The Van,2016-09-19T21:18:11Z,mdittm6@sciencedaily.com,Female,73.207.187.131
Mortal Instruments: The City of Bones ,2016-12-29T08:26:47Z,mscamadinem7@godaddy.com,Male,146.80.108.85
O Brother: Where Art Thou?,2016-11-08T08:13:42Z,acavendishm8@a8.net,Female,215.189.248.180
Cass Timberlane,2017-08-06T17:27:32Z,msnodinm9@mtv.com,Male,5.214.56.102
Samurai Vendetta,2017-07-10T11:59:56Z,ccrannagema@nih.gov,Female,184.162.114.109
Saving Silverman (Evil Woman),2017-01-14T08:43:23Z,cdedenhammb@google.com.au,Female,23.222.203.24
Back to the Garden: Flower Power Comes Full Circle,2017-03-05T02:21:34Z,rbernardinomc@bloglovin.com,Male,191.96.46.49
The Van,2017-01-27T21:08:06Z,fspennockmd@studiopress.com,Male,28.81.185.67
Kolka Cool,2017-08-24T23:27:52Z,cblazyme@gov.uk,Female,146.228.217.178
Birdman of Alcatraz,2016-12-12T10:26:12Z,fcharlickmf@jiathis.com,Male,250.94.58.179
Drive Hard,2016-11-11T22:33:24Z,tferrellimg@boston.com,Female,191.233.202.245
Birdman of Alcatraz,2017-03-27T08:53:16Z,oarentmh@europa.eu,Male,98.91.191.162
Kolka Cool,2017-05-09T01:18:24Z,sebbenmi@tripadvisor.com,Female,169.215.184.24
Devil's Nightmare: (Plus longue nuit du diable),2017-04-25T12:00:49Z,dcubbinomj@icq.com,Female,129.72.87.35
O Brother: Where Art Thou?,2017-02-08T20:53:11Z,eknewstubmk@dropbox.com,Male,117.13.222.136
Vieraalla maalla,2016-12-09T07:37:06Z,lcellerml@mozilla.org,Female,156.74.73.201
Devil's Nightmare: (Plus longue nuit du diable),2017-08-21T17:24:08Z,gdallandermm@plala.or.jp,Female,197.10.229.231
Kiss the Bride,2016-09-10T00:44:50Z,scraisemn@google.fr,Female,159.203.235.236
Cass Timberlane,2017-07-21T09:15:19Z,rcorderomo@twitpic.com,Male,93.75.232.73
The Punisher,2017-03-25T07:05:57Z,mmanganmp@about.me,Male,4.47.88.10
Remember the Daze (The Beautiful Ordinary),2017-07-14T19:25:30Z,ndangelomq@zdnet.com,Female,223.21.248.200
Kiss the Bride,2016-12-28T00:04:32Z,kcowlemr@yale.edu,Male,158.163.179.38
We Were Here,2017-07-08T06:42:45Z,bspieckms@amazon.com,Male,41.197.62.47
Kolka Cool,2017-03-09T04:23:49Z,bpoupardmt@shareasale.com,Female,217.209.238.225
Kiss the Bride,2017-02-07T10:10:11Z,gmckeownmu@usgs.gov,Male,164.45.154.44
Mortal Instruments: The City of Bones ,2017-08-16T10:32:05Z,mcasarilimv@miibeian.gov.cn,Female,223.57.96.148
Pirates of the Caribbean: On Stranger Tides,2016-12-31T03:17:08Z,djewisemw@123-reg.co.uk,Female,89.246.46.188
Mortal Instruments: The City of Bones ,2017-04-15T00:00:36Z,mmarchenkomx@privacy.gov.au,Male,43.75.47.36
Samurai Vendetta,2017-08-04T14:28:47Z,sjonmy@cdbaby.com,Female,141.223.228.199
Drive Hard,2017-01-31T22:14:07Z,jhegdonnemz@vistaprint.com,Female,239.127.247.194
Hellgate,2017-05-23T08:20:12Z,jnicen0@sfgate.com,Male,172.41.13.117
The Van,2017-01-30T15:30:27Z,tmeadusn1@google.nl,Female,142.232.177.83
Blind Alley,2016-12-27T19:14:52Z,jalejandrin2@house.gov,Female,232.146.75.244
Kiss the Bride,2017-01-29T14:47:30Z,cstewartn3@tiny.cc,Male,196.67.7.82
Blind Alley,2016-12-28T13:31:28Z,kcadneyn4@abc.net.au,Male,16.67.135.189
Remember the Daze (The Beautiful Ordinary),2017-03-11T10:26:42Z,vleavesleyn5@accuweather.com,Female,115.84.52.26
Devil's Nightmare: (Plus longue nuit du diable),2017-02-15T03:01:21Z,lalexanderssonn6@columbia.edu,Female,147.216.163.96
We Were Here,2017-09-08T23:10:32Z,lscholcroftn7@hexun.com,Female,207.205.28.52
Vieraalla maalla,2017-04-04T16:36:33Z,mbaudin8@barnesandnoble.com,Female,146.116.100.172
We Were Here,2017-06-03T08:57:29Z,nfotherbyn9@lycos.com,Male,9.162.126.68
Back to the Garden: Flower Power Comes Full Circle,2017-01-10T05:27:52Z,jpurcellna@barnesandnoble.com,Male,23.85.167.14
Mark of the Vampire,2017-09-18T09:01:26Z,cvidgeonnb@yelp.com,Male,90.74.118.242
Samurai Vendetta,2017-06-14T19:04:06Z,dcreanync@uol.com.br,Female,90.129.207.52
Kolka Cool,2017-01-15T19:39:03Z,lrawetnd@icq.com,Female,165.40.236.53
The Punisher,2017-09-15T13:55:29Z,alapsleyne@vimeo.com,Female,27.8.129.78
Mark of the Vampire,2017-08-18T18:38:00Z,jhitchensnf@loc.gov,Male,113.223.26.105
Pirates of the Caribbean: On Stranger Tides,2016-10-06T11:19:53Z,jbrokenshawng@hibu.com,Male,217.207.48.202
Special Delivery,2017-02-14T19:17:58Z,mattenboroughnh@list-manage.com,Male,235.1.146.9
We Were Here,2017-06-15T04:37:36Z,csimmonsni@mediafire.com,Female,33.177.59.183
Back to the Garden: Flower Power Comes Full Circle,2017-02-25T04:00:14Z,mcastiglionj@vk.com,Female,210.244.188.67
Break Up,2017-04-03T23:17:43Z,dmoquinnk@ycombinator.com,Male,26.8.193.123
Special Delivery,2017-09-07T23:57:32Z,tmallennl@icio.us,Male,32.215.229.24
Samurai Vendetta,2017-06-20T19:07:18Z,ptomaszynskinm@technorati.com,Female,254.225.195.226
Break Up,2016-12-10T13:17:29Z,fredpathnn@lulu.com,Male,65.108.249.226
Cass Timberlane,2017-04-20T20:56:25Z,usleightholmno@51.la,Female,109.97.213.226
Saving Silverman (Evil Woman),2017-03-25T22:40:58Z,scoraininp@altervista.org,Female,191.83.168.74
Vieraalla maalla,2016-09-23T01:11:23Z,aapplewhaitenq@issuu.com,Female,138.171.70.75
Samurai Vendetta,2016-12-02T08:47:36Z,gpopescunr@ustream.tv,Male,242.38.175.226
Pirates of the Caribbean: On Stranger Tides,2017-08-15T05:53:55Z,klemmerns@buzzfeed.com,Male,159.216.97.253
Kolka Cool,2017-05-20T11:35:16Z,bbarensnt@paypal.com,Male,175.160.104.231
Blind Alley,2017-06-20T10:55:27Z,jhollerannu@posterous.com,Male,219.86.87.114
Special Delivery,2017-07-03T19:18:37Z,tnobriganv@gmpg.org,Male,162.63.178.108
Hellgate,2017-01-02T01:59:20Z,rpalombanw@reuters.com,Male,145.249.251.220
Break Up,2017-08-18T14:26:07Z,wanshellnx@earthlink.net,Male,11.63.45.213
Mortal Instruments: The City of Bones ,2017-03-16T21:52:34Z,jscriptureny@nasa.gov,Male,208.109.65.36
The Punisher,2017-01-06T13:47:44Z,bfirpinz@nifty.com,Male,152.194.8.8
Kiss the Bride,2017-04-07T15:06:41Z,cveldeo0@cyberchimps.com,Female,114.173.105.22
Hellgate,2016-09-29T05:32:00Z,hkedieo1@comsenz.com,Female,137.188.254.251
We Were Here,2017-08-18T17:13:28Z,fcasaroo2@t-online.de,Female,116.129.179.226
O Brother: Where Art Thou?,2017-07-17T22:33:33Z,rlohdeo3@msu.edu,Male,193.84.115.85
Mona Lisa Smile,2017-01-14T22:49:48Z,cgrinikhinovo4@instagram.com,Male,205.176.38.131
Hellgate,2016-12-12T13:45:25Z,lmcgiffordo5@buzzfeed.com,Male,76.163.191.74
Special Delivery,2017-06-24T15:47:08Z,rgalbraetho6@admin.ch,Male,50.220.223.115
The Van,2017-01-30T21:36:35Z,mhogbeno7@europa.eu,Male,123.192.102.88
Remember the Daze (The Beautiful Ordinary),2016-11-28T18:07:20Z,gfulgero8@zdnet.com,Female,37.56.77.19
Devil's Nightmare: (Plus longue nuit du diable),2016-12-03T03:57:51Z,asimukovo9@chronoengine.com,Female,73.14.175.122
Remember the Daze (The Beautiful Ordinary),2016-09-24T09:08:22Z,llegateoa@free.fr,Male,167.173.83.181
Drive Hard,2016-09-02T19:56:57Z,abrackenridgeob@dyndns.org,Female,164.91.192.87
Blind Alley,2017-01-23T01:31:59Z,egoldoc@amazon.com,Male,109.120.93.199
Mark of the Vampire,2017-02-12T15:35:15Z,aolivieod@google.com.hk,Male,224.195.241.199
Hellgate,2017-05-28T02:28:05Z,ezanetellooe@wikimedia.org,Female,198.47.47.126
Special Delivery,2016-10-02T11:16:35Z,polenichevof@nasa.gov,Female,145.94.101.28
Fahrenheit 451,2017-01-01T21:33:02Z,gvasyaevog@netvibes.com,Male,20.161.2.48
Devil's Nightmare: (Plus longue nuit du diable),2017-04-13T10:36:29Z,nlubomirskioh@tinyurl.com,Female,130.41.110.213
Hellgate,2017-03-01T04:21:07Z,estiggeroi@google.it,Female,141.103.110.1
Back to the Garden: Flower Power Comes Full Circle,2017-08-30T00:29:22Z,jmullissoj@google.co.uk,Female,120.20.197.201
Samurai Vendetta,2016-09-29T02:13:03Z,kbachnicok@hugedomains.com,Female,208.5.94.88
Remember the Daze (The Beautiful Ordinary),2017-02-26T13:34:54Z,mjerzycowskiol@reverbnation.com,Female,204.208.250.238
Break Up,2017-02-04T00:42:10Z,eelfordom@noaa.gov,Female,167.116.14.136
Mona Lisa Smile,2017-08-27T20:06:52Z,wneadson@wired.com,Female,141.43.178.38
Pirates of the Caribbean: On Stranger Tides,2016-12-04T22:46:24Z,lpennockoo@weebly.com,Male,114.233.224.144
O Brother: Where Art Thou?,2017-06-03T21:32:06Z,kmccurrieop@icq.com,Female,109.197.105.0
Hellgate,2016-12-13T04:32:51Z,cgillesonoq@dot.gov,Male,119.47.65.40
Devil's Nightmare: (Plus longue nuit du diable),2017-05-17T20:52:57Z,caddingtonor@cafepress.com,Female,101.141.44.194
Mona Lisa Smile,2017-04-14T05:28:39Z,wambrogiolios@live.com,Male,105.214.195.176
Back to the Garden: Flower Power Comes Full Circle,2017-05-11T23:39:02Z,jrowetot@mac.com,Female,143.210.163.133
Special Delivery,2017-07-21T18:55:12Z,hverrellou@umich.edu,Male,139.42.106.226
Kiss the Bride,2017-03-18T11:57:58Z,rthornbarrowov@washington.edu,Female,91.6.123.160
We Were Here,2016-11-04T15:16:33Z,gkinninow@shop-pro.jp,Male,247.44.244.139
Kiss the Bride,2017-05-28T10:22:13Z,kflippenox@cloudflare.com,Male,91.183.149.99
Mona Lisa Smile,2016-09-25T21:49:36Z,lmcnultyoy@imgur.com,Female,173.96.41.116
Samurai Vendetta,2016-12-06T06:25:57Z,gcateroz@imdb.com,Male,57.102.205.10
Birdman of Alcatraz,2017-04-03T09:30:15Z,kocloneyp0@noaa.gov,Female,227.6.32.176
Remember the Daze (The Beautiful Ordinary),2016-12-28T04:57:13Z,cportlockp1@globo.com,Male,80.75.117.111
Samurai Vendetta,2016-10-17T21:27:47Z,ovillap2@jugem.jp,Male,21.15.234.111
Saving Silverman (Evil Woman),2017-07-17T21:54:25Z,tniesegenp3@github.io,Male,188.231.69.143
Kiss the Bride,2016-10-18T20:07:48Z,ndunckleep4@ocn.ne.jp,Female,198.115.145.15
Drive Hard,2017-05-25T19:31:09Z,cdranp5@furl.net,Female,91.163.177.223
Vieraalla maalla,2017-05-08T01:13:55Z,eroantreep6@hatena.ne.jp,Male,193.129.82.222
Saving Silverman (Evil Woman),2016-09-28T06:06:26Z,dcastagnetop7@studiopress.com,Male,9.124.212.40
Vieraalla maalla,2017-05-07T08:55:57Z,jwestbrookp8@example.com,Male,220.158.250.189
Blind Alley,2017-07-26T17:06:20Z,ekullerp9@ask.com,Male,65.241.113.203
Devil's Nightmare: (Plus longue nuit du diable),2016-09-21T09:13:55Z,ewisedalepa@google.com.br,Female,166.187.227.64
Vieraalla maalla,2017-01-23T22:26:23Z,smcgillecolepb@guardian.co.uk,Female,129.183.68.108
Break Up,2017-05-04T13:03:22Z,dbrommagepc@stanford.edu,Male,106.25.90.144
O Brother: Where Art Thou?,2017-05-16T10:17:36Z,hmolespd@tripadvisor.com,Male,175.124.215.162
Cass Timberlane,2017-09-05T13:11:37Z,lmaldenpe@cbsnews.com,Female,17.118.223.100
Vieraalla maalla,2017-03-14T16:17:25Z,mquartermanpf@zimbio.com,Female,201.210.232.155
Cass Timberlane,2017-07-03T16:05:47Z,wtunsleypg@cargocollective.com,Male,253.246.41.111
Birdman of Alcatraz,2017-04-13T02:38:35Z,sjanczakph@linkedin.com,Male,53.237.71.127
The Van,2017-06-15T20:07:57Z,bcroleypi@squidoo.com,Male,222.254.86.87
Kolka Cool,2016-09-24T14:54:47Z,ashimukpj@about.com,Female,249.38.105.122
Back to the Garden: Flower Power Comes Full Circle,2017-07-18T21:52:55Z,ereinhartpk@mozilla.org,Male,73.174.209.76
Remember the Daze (The Beautiful Ordinary),2017-06-06T02:51:39Z,spuddanpl@tinypic.com,Male,16.138.102.69
Drive Hard,2017-04-22T00:47:53Z,jpownallpm@etsy.com,Female,139.206.17.60
Mona Lisa Smile,2017-08-02T02:23:09Z,ghearnespn@mlb.com,Male,103.37.241.237
Remember the Daze (The Beautiful Ordinary),2017-05-16T02:47:40Z,scharlestonpo@google.co.uk,Female,90.43.93.230
Kolka Cool,2017-06-16T09:19:57Z,urickwordpp@a8.net,Female,253.96.55.15
Hellgate,2017-09-14T03:26:48Z,preichardtpq@cloudflare.com,Female,92.192.181.233
The Punisher,2017-05-24T23:51:01Z,tdingivanpr@dmoz.org,Male,78.215.79.246
Birdman of Alcatraz,2017-02-26T23:23:24Z,nhargateps@google.com,Female,104.210.222.78
Unbreakable,2017-07-21T22:54:49Z,ygounotpt@amazon.com,Female,178.12.74.163
Mortal Instruments: The City of Bones ,2017-07-05T01:28:32Z,hannettspu@hud.gov,Male,162.43.166.149
Devil's Nightmare: (Plus longue nuit du diable),2017-05-19T08:38:16Z,cpalliserpv@hubpages.com,Male,220.222.239.253
Fahrenheit 451,2017-08-30T00:05:31Z,mchritchleypw@homestead.com,Female,106.203.65.236
Kolka Cool,2016-11-26T20:26:59Z,pstellmanpx@microsoft.com,Female,119.69.195.147
Blind Alley,2017-03-20T04:30:47Z,csindellpy@mozilla.org,Female,76.33.109.200
Kiss the Bride,2016-10-27T04:02:37Z,rplummerpz@wufoo.com,Male,129.217.113.223
Unbreakable,2017-06-20T06:14:56Z,dferrigeq0@upenn.edu,Male,181.12.182.165
Unbreakable,2017-01-19T12:57:44Z,avaltiq1@springer.com,Female,217.72.242.248
Kolka Cool,2016-11-09T15:23:54Z,vfraniakq2@si.edu,Male,25.173.149.135
Vieraalla maalla,2017-04-10T07:07:50Z,ecutsforthq3@nsw.gov.au,Female,38.195.207.190
Vieraalla maalla,2016-09-03T09:26:34Z,dfritcheq4@biblegateway.com,Male,246.82.236.127
Hellgate,2017-02-06T12:14:39Z,sklazengaq5@desdev.cn,Female,49.25.207.157
O Brother: Where Art Thou?,2017-05-10T20:18:27Z,gstothartq6@upenn.edu,Male,38.99.200.226
Devil's Nightmare: (Plus longue nuit du diable),2017-03-07T19:06:57Z,cmackeoghq7@yelp.com,Female,1.125.78.240
Kiss the Bride,2017-01-05T23:29:18Z,kbosdetq8@prnewswire.com,Female,233.216.230.199
We Were Here,2017-09-08T14:36:24Z,cmaharryq9@youtube.com,Male,189.26.88.43
Drive Hard,2017-04-06T01:29:03Z,sbrosterqa@umich.edu,Female,76.99.178.140
Mona Lisa Smile,2017-05-28T12:51:31Z,pborelandqb@joomla.org,Male,178.35.9.44
Drive Hard,2016-09-22T10:39:18Z,ddowryqc@washingtonpost.com,Male,95.56.151.7
Break Up,2017-08-03T23:21:15Z,cthewlessqd@hexun.com,Male,83.83.217.190
Mortal Instruments: The City of Bones ,2017-07-18T16:43:51Z,fcorradoqe@slashdot.org,Female,9.152.11.98
Kiss the Bride,2017-06-03T12:01:06Z,eisaakqf@odnoklassniki.ru,Female,13.26.79.207
We Were Here,2016-12-06T00:51:56Z,ajosipovitzqg@accuweather.com,Female,61.156.119.140
Mortal Instruments: The City of Bones ,2016-10-25T00:31:21Z,gbennikeqh@comsenz.com,Female,53.90.139.211
O Brother: Where Art Thou?,2017-09-16T20:51:59Z,ebeaconqi@sitemeter.com,Female,69.10.137.153
Cass Timberlane,2017-08-11T12:01:03Z,libelqj@prnewswire.com,Male,216.17.85.95
Birdman of Alcatraz,2016-12-16T20:30:10Z,dmobberleyqk@google.nl,Male,39.218.213.150
Break Up,2016-12-24T17:12:58Z,vraviliousql@japanpost.jp,Male,54.121.96.197
Devil's Nightmare: (Plus longue nuit du diable),2016-11-02T01:27:11Z,kmanifieldqm@intel.com,Male,42.242.142.116
Unbreakable,2016-10-20T20:43:40Z,whanburybrownqn@ustream.tv,Female,4.221.205.131
Remember the Daze (The Beautiful Ordinary),2016-12-04T00:23:31Z,molivazziqo@live.com,Male,137.187.163.69
Mona Lisa Smile,2016-09-15T22:27:52Z,gskellonqp@mapy.cz,Female,245.127.40.36
Mona Lisa Smile,2017-03-26T07:57:06Z,bivanyukovqq@wikipedia.org,Male,62.85.1.202
Unbreakable,2017-01-25T23:48:04Z,nteasqr@wired.com,Female,238.2.101.195
Mona Lisa Smile,2016-12-25T22:08:58Z,cmeeqs@xinhuanet.com,Female,2.140.222.189
Fahrenheit 451,2016-11-29T13:08:18Z,emacdowallqt@engadget.com,Female,40.48.66.182
Devil's Nightmare: (Plus longue nuit du diable),2016-09-07T06:39:09Z,bkenratqu@yolasite.com,Female,82.191.47.137
Birdman of Alcatraz,2017-02-06T18:49:57Z,tdesimoneqv@hc360.com,Male,127.55.25.98
Birdman of Alcatraz,2017-04-11T00:46:22Z,ceadieqw@house.gov,Male,159.245.62.196
Mortal Instruments: The City of Bones ,2017-01-03T16:38:26Z,tstearnqx@weibo.com,Female,186.47.42.231
Blind Alley,2017-02-02T21:03:08Z,kgayterqy@cbc.ca,Female,186.239.13.149
Vieraalla maalla,2017-07-19T14:33:33Z,mprewettqz@newsvine.com,Male,108.203.170.13
O Brother: Where Art Thou?,2016-09-09T23:37:25Z,lheggesr0@woothemes.com,Female,29.217.249.73
Remember the Daze (The Beautiful Ordinary),2017-05-15T07:00:20Z,mlorinczr1@tmall.com,Female,53.251.222.51
Special Delivery,2016-12-08T15:30:48Z,rgranviller2@narod.ru,Female,4.44.79.171
Mona Lisa Smile,2017-03-31T17:33:45Z,mbampfieldr3@rakuten.co.jp,Male,220.211.38.218
The Van,2017-05-15T06:38:33Z,ecastror4@clickbank.net,Male,117.156.113.3
Special Delivery,2017-05-01T03:48:28Z,keddisr5@naver.com,Male,143.249.90.140
Vieraalla maalla,2016-12-27T07:24:58Z,rfantonr6@topsy.com,Male,185.251.240.78
Blind Alley,2016-12-30T19:35:22Z,kletchfordr7@github.io,Female,121.129.132.99
Hellgate,2017-08-13T20:46:43Z,voxenfordr8@smh.com.au,Male,162.15.161.14
Drive Hard,2017-04-13T18:22:17Z,wformillir9@fc2.com,Male,31.74.117.148
Devil's Nightmare: (Plus longue nuit du diable),2017-04-25T02:16:33Z,asargentra@un.org,Female,178.84.209.174
Cass Timberlane,2017-08-24T22:27:01Z,chesserrb@istockphoto.com,Female,145.57.92.31
Back to the Garden: Flower Power Comes Full Circle,2016-09-29T06:58:24Z,mwimlettrc@nasa.gov,Male,149.150.216.195
The Punisher,2017-04-15T03:45:56Z,blethardyrd@surveymonkey.com,Male,204.80.158.52
Mona Lisa Smile,2016-12-22T16:04:42Z,cclutere@tripadvisor.com,Female,104.47.93.90
Fahrenheit 451,2016-09-13T20:51:41Z,ogeorgerrf@smh.com.au,Female,248.225.214.89
Unbreakable,2017-02-07T13:48:12Z,jhalfheadrg@liveinternet.ru,Male,77.18.188.134
Mona Lisa Smile,2017-07-08T23:56:48Z,nmcgarvarh@fema.gov,Male,254.206.199.213
Mortal Instruments: The City of Bones ,2016-10-16T20:40:23Z,acurneenri@unc.edu,Male,220.201.224.220
Kiss the Bride,2017-08-21T10:52:49Z,malfwyrj@google.fr,Female,244.175.56.140
Birdman of Alcatraz,2017-04-17T12:07:36Z,mskellingtonrk@squarespace.com,Male,51.178.171.147
Vieraalla maalla,2017-05-28T16:24:41Z,rconstantrl@statcounter.com,Male,107.81.206.218
The Punisher,2017-04-29T10:05:41Z,sgronewayrm@senate.gov,Female,164.232.4.91
Back to the Garden: Flower Power Comes Full Circle,2016-09-30T19:56:53Z,mkhomishinrn@de.vu,Male,164.80.188.79
Devil's Nightmare: (Plus longue nuit du diable),2017-02-19T13:20:55Z,rsnawdonro@nytimes.com,Male,5.163.11.79
The Punisher,2017-04-28T17:11:55Z,chubeauxrp@dot.gov,Male,75.72.139.222
Special Delivery,2017-07-12T19:04:30Z,ehallettrq@domainmarket.com,Female,168.23.108.188
The Van,2017-02-09T23:21:15Z,mtretwellrr@usatoday.com,Male,3.105.175.174
